Time (s) Run 1;X Magnetic Field Strength (G) Run 1;Y Magnetic Field Strength (G) Run 1;Z Magnetic Field Strength (G) Run 1;|Resultant| Magnetic Field Strength (G) Run 1;;
0;-42,1;4,8;-7,2;43;;100
0,01;-42,8;3,6;-10;44,1;         ;
0,02;-42,3;5,85;-8,1;43,5;;
0,03;-41,2;5,1;-10;42,8;        ;
0,04;-43;5,1;-8,1;44,1;;
0,05;-41,5;3,9;-7,35;42,4;;
0,06;-42,8;4,35;-8,1;43,7;;
0,07;-42,9;4,5;-9,45;44,2;;
0,08;-42,4;6;-8,25;43,7;;
0,09;-41,5;5,85;-8,55;42,8;;
0,1;-42,3;4,65;-10;43,7;          ;
0,11;-42,4;4,2;-9,75;43,8;;
0,12;-43,2;4,5;-7,95;44,2;;
0,13;-42,4;4,8;-9;43,7;;
0,14;-42,9;4,2;-9;44;;
0,15;-44,7;6;-8,7;45,9;;
0,16;-43,7;4,8;-8,25;44,7;;
0,17;-43;5,4;-9,6;44,4;;
0,18;-42,9;5,25;-8,25;44;;
0,19;-42,1;5,55;-7,95;43,3;;
0,2;-42;6,9;-8,1;43,3;;
0,21;-42,3;4,65;-8,85;43,5;;
0,22;-42,3;5,4;-8,55;43,5;;
0,23;-42,4;3,45;-8,25;43,4;;
0,24;-42,8;4,35;-8,55;43,8;;
0,25;-43,5;5,85;-7,8;44,6;;
0,26;-41,4;4,8;-7,95;42,4;;
0,27;-41,5;4,35;-8,85;42,7;;
0,28;-42;4,65;-7,8;43;;
0,29;-42,9;3,45;-7,5;43,7;;
0,3;-42,1;4,8;-8,7;43,3;;
0,31;-42,3;4,65;-10,3;43,8;          ;
0,32;-42,9;4,8;-7,5;43,8;;
0,33;-43,7;3,75;-7,95;44,5;;
0,34;-44,1;6,15;-7,8;45,2;;
0,35;-42;5,4;-8,85;43,3;;
0,36;-43,5;5,1;-7,05;44,4;;
0,37;-42,1;5,25;-9;43,4;;
0,38;-41,4;4,2;-7,5;42,3;;
0,39;-43,2;4,2;-9;44,3;;
0,4;-43;5,1;-8,85;44,2;;
0,41;-43;3,9;-8,85;44,1;;
0,42;-42,4;5,25;-7,5;43,4;;
0,43;-43,7;5,55;-9,45;45;;
0,44;-40,9;4,65;-8,85;42,2;;
0,45;-44,9;5,1;-8,55;45,9;;
0,46;-42,1;5,55;-8,25;43,3;;
0,47;-42,4;4,8;-7,5;43,4;;
0,48;-42,1;3;-7,95;43;;
0,49;-42,3;5,85;-8,55;43,6;;
0,5;-41,9;5,55;-7,95;43;;
0,51;-42,9;4,2;-8,7;44;;
0,52;-42,8;5,1;-8,55;43,9;;
0,53;-42,8;4,65;-8,85;43,9;;
0,54;-42,9;5,25;-7,5;43,9;;
0,55;-42,8;4,65;-8,55;43,8;;
0,56;-41,5;5,1;-7,8;42,6;;
0,57;-42,3;5,1;-8,55;43,5;;
0,58;-42,3;5,1;-6,6;43,1;;
0,59;-42,4;4,2;-8,25;43,4;;
0,6;-42;4,35;-8,1;43;;
0,61;-43;4,65;-8,85;44,2;;
0,62;-41,9;4,8;-7,5;42,8;;
0,63;-42,8;5,4;-7,8;43,8;;
0,64;-42,9;3,45;-7,95;43,8;;
0,65;-43;4,65;-8,1;44,1;;
0,66;-43,7;4,8;-7,95;44,6;;
0,67;-43,7;4,5;-7,5;44,5;;
0,68;-43,5;4,65;-7,05;44,3;;
0,69;-42,4;4,2;-7,5;43,3;;
0,7;-42,4;4,2;-7,5;43,3;;
0,71;-42,4;6,3;-7,95;43,6;;
0,72;-42,8;5,1;-10;44,2;;
0,73;-43,2;4,5;-7,5;44,1;;
0,74;-42;4,65;-9,3;43,3;;
0,75;-41,9;4,8;-8,25;42,9;;
0,76;-42,4;5,25;-9,75;43,9;;
0,77;-42,9;4,2;-8,25;43,9;;
0,78;-42,8;4,65;-8,55;43,8;;
0,79;-41,9;4,8;-9;43,1;;
0,8;-42,9;5,25;-8,7;44,1;;
0,81;-42,1;4,2;-8,7;43,2;;
0,82;-43;3,6;-8,85;44,1;;
0,83;-43;5,4;-8,55;44,2;;
0,84;-41,9;4,2;-7,95;42,8;;
0,85;-42,3;3,9;-7,8;43,2;;
0,86;-42,3;3,6;-9,3;43,5;;
0,87;-42,1;4,8;-8,7;43,3;;
0,88;-43,5;4,65;-7,8;44,4;;
0,89;-42,3;5,1;-8,55;43,5;;
0,9;-43,8;4,35;-8,55;44,8;;
0,91;-43,8;5,4;-8,85;45;;
0,92;-42,9;5,25;-10,2;44,4;          ;
0,93;-42,4;4,8;-8,25;43,5;;
0,94;-42,3;3,9;-8,1;43,2;;
0,95;-42,3;5,4;-8,85;43,6;;
0,96;-43,2;4,8;-7,95;44,2;;
0,97;-42,4;5,25;-8,7;43,6;;
0,98;-43,7;4,8;-7,5;44,5;;
0,99;-42,9;5,25;-9,45;44,2;;
1;-42,3;4,35;-8,85;43,4;;
1,01;-43;4,35;-8,1;44;;
1,02;-43,2;4,2;-7,95;44,1;;
1,03;-42,4;5,25;-9;43,7;;
1,04;-43;3,6;-8,55;44;;
1,05;-42,4;4,5;-9;43,6;;
1,06;-42,9;4,5;-8,25;43,9;;
1,07;-42,8;4,65;-6,6;43,5;;
1,08;-42,8;4,65;-9,3;44;;
1,09;-41,9;4,8;-9,75;43,2;;
1,1;-41,2;4,35;-7,8;42,2;;
1,11;-42,9;5,55;-7,5;43,9;;
1,12;-43,7;4,5;-8,25;44,7;;
1,13;-43,5;3,9;-8,55;44,5;;
1,14;-43;4,35;-8,85;44,2;;
1,15;-43,5;3,6;-8,55;44,5;;
1,16;-42,9;5,25;-9;44,1;;
1,17;-41,9;4,8;-8,7;43;;
1,18;-42,3;4,65;-8,55;43,4;;
1,19;-42,3;4,65;-9,3;43,6;;
1,2;-41,5;5,1;-8,55;42,7;;
1,21;-42,4;4,2;-10,9;44;          ;
1,22;-43,5;4,65;-8,85;44,6;;
1,23;-42,8;4,65;-7,8;43,7;;
1,24;-42,3;4,65;-8,55;43,4;;
1,25;-42,4;4,8;-9;43,7;;
1,26;-42,3;4,35;-8,55;43,4;;
1,27;-42,8;3,15;-7,05;43,4;;
1,28;-43,2;3,75;-7,95;44,1;;
1,29;-42,9;4,5;-8,25;43,9;;
1,3;-42,3;4,65;-8,85;43,5;;
1,31;-43,8;3,15;-8,1;44,7;;
1,32;-42,9;5,25;-9;44,1;;
1,33;-42,8;4,65;-9,6;44,1;;
1,34;-42,9;5,55;-8,25;44;;
1,35;-43,2;6;-8,7;44,5;;
1,36;-42,9;4,2;-7,5;43,8;;
1,37;-42,9;4,2;-8,7;44;;
1,38;-43;4,35;-8,55;44,1;;
1,39;-43,5;5,85;-8,85;44,8;;
1,4;-42,8;4,35;-8,85;43,9;;
1,41;-43,2;5,25;-9,75;44,6;;
1,42;-42,4;3,45;-7,5;43,2;;
1,43;-42,3;4,65;-8,85;43,5;;
1,44;-43,7;4,8;-7,2;44,5;;
1,45;-42,9;4,8;-10,2;44,4;          ;
1,46;-43;4,65;-8,1;44,1;;
1,47;-42,8;5,1;-8,1;43,8;;
1,48;-42,8;4,65;-7,35;43,6;;
1,49;-43,2;3,75;-10,2;44,5;          ;
1,5;-42,3;5,85;-8,1;43,5;;
1,51;-43,5;5,4;-9,6;44,9;;
1,52;-42,4;5,55;-7,95;43,5;;
1,53;-42,1;4,5;-8,7;43,3;;
1,54;-43;5,1;-7,8;44;;
1,55;-42;4,65;-8,55;43,1;;
1,56;-43,2;5,55;-10,2;44,7;          ;
1,57;-43,9;4,8;-9,45;45,2;;
1,58;-42,1;5,55;-8,7;43,4;;
1,59;-42,8;4,35;-8,85;43,9;;
1,6;-42,8;5,85;-7,35;43,8;;
1,61;-43,8;3,9;-7,35;44,6;;
1,62;-42,8;5,4;-8,1;43,8;;
1,63;-42,9;3,75;-9;44;;
1,64;-41,9;3,45;-6,45;42,5;;
1,65;-41,9;4,5;-8,7;43;;
1,66;-42,3;4,35;-8,55;43,4;;
1,67;-44,4;4,2;-8,7;45,4;;
1,68;-43;2,85;-7,35;43,8;;
1,69;-43;3,6;-9,3;44,2;;
1,7;-43,9;4,5;-8,25;44,9;;
1,71;-42,9;5,25;-8,7;44,1;;
1,72;-42,9;3,75;-8,7;43,9;;
1,73;-43;4,35;-8,55;44,1;;
1,74;-42,3;4,35;-8,85;43,4;;
1,75;-43,8;3,15;-7,8;44,6;;
1,76;-42,8;5,1;-7,35;43,7;;
1,77;-42;4,35;-8,85;43,1;;
1,78;-42;4,65;-8,1;43;;
1,79;-42,4;3,75;-9;43,6;;
1,8;-42,1;6,75;-7,95;43,4;;
1,81;-42,9;4,5;-7,5;43,8;;
1,82;-42,1;4,5;-6,75;42,9;;
1,83;-42,1;5,25;-9,45;43,5;;
1,84;-42,1;4,8;-8,25;43,2;;
1,85;-43,5;3,9;-8,1;44,4;;
1,86;-43,2;4,5;-7,5;44,1;;
1,87;-42,4;5,25;-9,45;43,8;;
1,88;-42,9;4,5;-7,95;43,9;;
1,89;-42,8;5,85;-9,3;44,1;;
1,9;-42,9;4,2;-8,7;44;;
1,91;-42,3;4,65;-9,6;43,6;;
1,92;-44,4;4,5;-8,25;45,4;;
1,93;-43,7;3,45;-9,75;44,9;;
1,94;-42,3;5,85;-8,1;43,5;;
1,95;-42;4,65;-8,85;43,2;;
1,96;-43,5;5,4;-7,8;44,5;;
1,97;-41,2;3,9;-7,8;42,2;;
1,98;-43,2;6;-7,5;44,3;;
1,99;-43,5;5,85;-8,1;44,6;;
2;-42,1;4,5;-9;43,3;;
2,01;-42,1;5,25;-8,7;43,4;;
2,02;-41,2;5,4;-8,1;42,4;;
2,03;-42,8;4,65;-9,3;44;;
2,04;-43,2;4,5;-6,45;43,9;;
2,05;-42,4;3;-6,45;43;;
2,06;-41,5;4,35;-8,85;42,7;;
2,07;-42,3;5,1;-8,55;43,5;;
2,08;-42;4,35;-8,55;43,1;;
2,09;-43,2;5,25;-8,25;44,3;;
2,1;-43,5;6,15;-7,35;44,5;;
2,11;-41,9;5,25;-8,7;43,1;;
2,12;-42,3;5,1;-7,35;43,2;;
2,13;-42,8;4,65;-7,8;43,7;;
2,14;-42;3,6;-7,05;42,7;;
2,15;-42,9;4,5;-8,25;43,9;;
2,16;-41,4;6;-8,25;42,6;;
2,17;-42,4;5,25;-8,25;43,6;;
2,18;-41,5;4,35;-8,85;42,7;;
2,19;-43,7;4,5;-9,75;45;;
2,2;-40,9;5,1;-8,85;42,2;;
2,21;-42;5,1;-10;43,5;          ;
2,22;-42,3;4,35;-7,35;43,2;;
2,23;-43,5;5,1;-8,55;44,6;;
2,24;-42,3;4,65;-8,1;43,3;;
2,25;-43,2;3,75;-9;44,3;;
2,26;-42,3;4,35;-8,1;43,3;;
2,27;-42;4,35;-8,1;43;;
2,28;-42,3;5,85;-7,05;43,3;;
2,29;-42,9;4,2;-9,45;44,1;;
2,3;-42,1;4,8;-8,7;43,3;;
2,31;-43,2;3,75;-7,95;44,1;;
2,32;-42,3;5,1;-7,05;43,2;;
2,33;-43,2;4,8;-8,7;44,3;;
2,34;-40,9;3,15;-8,1;41,9;;
2,35;-43,7;4,2;-8,7;44,7;;
2,36;-42,9;4,5;-9,75;44,2;;
2,37;-42,3;5,4;-8,55;43,5;;
2,38;-43,2;3,75;-8,25;44,1;;
2,39;-43,5;4,35;-10;44,9;          ;
2,4;-42,4;4,5;-7,5;43,3;;
2,41;-42,8;5,4;-7,05;43,7;;
2,42;-41,2;4,65;-7,35;42,2;;
2,43;-43;3,6;-8,85;44,1;;
2,44;-43;5,1;-7,8;44;;
2,45;-42,8;5,1;-6,6;43,6;;
2,46;-42,1;5,25;-6,75;43;;
2,47;-43;3,15;-8,55;44;;
2,48;-43;5,85;-9,6;44,5;;
2,49;-41,9;4,5;-9;43;;
2,5;-43,9;4,8;-8,7;45,1;;
2,51;-42,8;3,9;-8,1;43,7;;
2,52;-42;3,15;-7,8;42,8;;
2,53;-42,4;4,2;-7,2;43,3;;
2,54;-43,2;4,5;-8,7;44,3;;
2,55;-43,2;4,2;-8,7;44,3;;
2,56;-41,2;5,4;-7,05;42,2;;
2,57;-42,4;5,55;-10,2;44;          ;
2,58;-43,5;6,15;-7,8;44,6;;
2,59;-42,8;4,65;-9,3;44;;
2,6;-42,4;3,75;-9;43,6;;
2,61;-42,4;4,5;-9,75;43,8;;
2,62;-42,4;4,8;-7,2;43,3;;
2,63;-41,5;4,35;-8,85;42,7;;
2,64;-43,2;6;-7,2;44,2;;
2,65;-42,8;5,4;-8,1;43,8;;
2,66;-42;5,4;-8,1;43,1;;
2,67;-41,5;4,65;-9,3;42,8;;
2,68;-41,9;4,5;-8,25;42,9;;
2,69;-43,2;3,75;-8,25;44,1;;
2,7;-42,9;4,8;-7,2;43,8;;
2,71;-41,1;4,2;-8,25;42,1;;
2,72;-43,2;5,55;-9;44,5;;
2,73;-42,3;4,65;-9,3;43,6;;
2,74;-41,5;4,65;-8,55;42,7;;
2,75;-42,3;4,65;-8,85;43,5;;
2,76;-42,1;5,25;-8,7;43,4;;
2,77;-41,5;3,6;-8,85;42,6;;
2,78;-42;5,1;-7,35;42,9;;
2,79;-42,8;3,9;-9,3;43,9;;
2,8;-42,8;4,65;-8,1;43,8;;
2,81;-42,3;4,35;-8,85;43,4;;
2,82;-42,3;3,9;-8,85;43,4;;
2,83;-42,4;5,25;-8,25;43,6;;
2,84;-42,1;5,25;-8,25;43,3;;
2,85;-42,4;4,5;-9,75;43,8;;
2,86;-42,4;4,2;-7,5;43,3;;
2,87;-42,9;4,8;-8,7;44;;
2,88;-41,4;4,5;-8,25;42,5;;
2,89;-42,3;3,15;-8,85;43,3;;
2,9;-41,2;4,35;-7,8;42,2;;
2,91;-42,8;4,65;-7,35;43,6;;
2,92;-41,5;5,1;-7,35;42,5;;
2,93;-42,1;4,8;-9,45;43,5;;
2,94;-43,2;6,3;-8,25;44,4;;
2,95;-43,5;4,35;-8,1;44,5;;
2,96;-42,4;3,75;-9;43,6;;
2,97;-43,7;4,5;-9;44,8;;
2,98;-43,5;4,35;-7,8;44,4;;
2,99;-43;3,9;-7,8;43,9;;
3;-43,8;48,9;-6,3;65,9;;
3,06;-43,5;49,3;-6,3;66,1;;
3,07;-42,8;49,9;-7,8;66,2;;
3,08;-44,9;50,4;-6,3;67,8;;
3,09;-44,5;49,3;-7,35;66,9;;
3,1;-43;49,3;-5,85;65,7;;
3,11;-43,2;50,2;-7,95;66,7;;
3,12;-43,7;49,8;-6,75;66,6;;
3,13;-44,1;48,6;-5,85;65,9;;
3,14;-43,2;48,3;-6;65,1;;
3,15;-43,5;48,9;-7,05;65,8;;
3,16;-43,2;49,5;-5,4;65,9;;
3,17;-42,1;50,2;-7,2;66;;
3,18;-43,5;49,9;-6,3;66,5;;
3,19;-44,4;48;-5,4;65,6;;
3,2;-42,3;49,6;-5,85;65,5;;
3,21;-44,1;49,9;-5,55;66,9;;
3,22;-42,3;49,3;-6,3;65,3;;
3,23;-43,2;50,5;-6;66,8;;
3,24;-44,4;49,5;-6,45;66,8;;
3,25;-43,7;48,7;-7,5;65,9;;
3,26;-42,8;48,6;-5,1;64,9;;
3,27;-43,9;50,2;-6,75;67,1;;
3,28;-43,5;50,4;-5,55;66,8;;
3,29;-43,9;49,5;-7,2;66,6;;
3,3;-44,9;49,6;-4,35;67;;
3,31;-42,9;50,5;-6;66,6;;
3,32;-43,7;49,8;-6,45;66,5;;
3,33;-43,7;49,5;-6,45;66,3;;
3,34;-43,9;49,5;-5,4;66,4;;
3,35;-42,9;49,5;-6,75;65,8;;
3,36;-44,1;49,6;-6,3;66,7;;
3,37;-43,9;48,7;-6,75;66;;
3,38;-42,3;48,1;-7,05;64,5;;
3,39;-44,5;49,3;-7,05;66,9;;
3,4;-44,4;51,3;-7,95;68,3;;
3,41;-43,9;49,8;-7,2;66,8;;
3,42;-44,1;49,9;-7,35;67;;
3,43;-43,9;47,7;-7,2;65,3;;
3,44;-43,8;49,9;-5,85;66,7;;
3,45;-43,5;48,9;-5,55;65,7;;
3,46;-43,2;49,5;-6,45;66;;
3,47;-43,7;49,1;-5,7;65,9;;
3,48;-44,4;48,3;-6,45;65,9;;
3,49;-43,7;48;-7,2;65,3;;
3,5;-42,1;48;-6,45;64,2;;
3,51;-43,2;49,8;-6,75;66,3;;
3,52;-43,8;49,9;-7,8;66,9;;
3,53;-43,8;48,9;-6,6;66;;
3,54;-43,8;49,3;-6,6;66,3;;
3,55;-44,7;49,1;-6;66,6;;
3,56;-42,9;49,8;-5,7;66;;
3,57;-42,4;49,1;-5,7;65,1;;
3,58;-44,5;50,7;-6,3;67,8;;
3,59;-45,4;48,3;-6;66,6;;
3,6;-43,9;51;-6,45;67,6;;
3,61;-42,8;49,9;-6,6;66,1;;
3,62;-43;48,9;-7,35;65,6;;
3,63;-43,5;49,9;-7,35;66,6;;
3,64;-44,4;50,2;-7,2;67,4;;
3,65;-43,5;48,6;-6,3;65,5;;
3,66;-43,2;49,5;-5,7;65,9;;
3,67;-43,5;48,9;-7,05;65,8;;
3,68;-42,3;50,7;-5,85;66,3;;
3,69;-43,5;47,9;-7,05;65,1;;
3,7;-44,7;48,7;-5,4;66,4;;
3,71;-43,8;48,6;-5,85;65,7;;
3,72;-43,5;48,1;-5,85;65,2;;
3,73;-43,9;49,1;-6,45;66,2;;
3,74;-42,9;49,1;-6;65,4;;
3,75;-44,1;48,1;-5,55;65,5;;
3,76;-44,9;49,6;-7,05;67,3;;
3,77;-45,6;49,3;-7,35;67,6;;
3,78;-42,9;50,5;-5,4;66,5;;
3,79;-43;51,1;-8,55;67,4;;
3,8;-43,5;49,9;-5,85;66,5;;
3,81;-44,1;48,9;-6,3;66,1;;
3,82;-43,7;50,5;-5,7;67;;
3,83;-43,2;49,8;-6,45;66,2;;
3,84;-43,9;49,1;-6;66,1;;
3,85;-42,9;49,5;-7,5;65,9;;
3,86;-43,8;49,3;-7,05;66,4;;
3,87;-43,2;49,5;-6,75;66;;
3,88;-42,9;49,5;-5,4;65,7;;
3,89;-43,5;48,6;-5,1;65,4;;
3,9;-43,5;47,9;-6,6;65;;
3,91;-43;49,6;-7,35;66,1;;
3,92;-43;49,9;-6,3;66,2;;
3,93;-43,7;49,1;-5,7;65,9;;
3,94;-44,9;48,9;-6,6;66,7;;
3,95;-43,7;51;-6,45;67,4;;
4,96;-43,9;50,2;-6,75;67,1;;
4,97;-43,9;51;-6;67,6;;
4,98;-43,7;49,8;-5,4;66,4;;
4,99;-44,9;49,6;-7,8;67,4;;
4;-43,8;48,9;-6,3;65,9;;
4,01;-43,8;49,6;-7,8;66,7;;
4,02;-43,8;48,9;-6,3;65,9;;
4,03;-44,5;48,6;-7,35;66,3;;
4,04;-43,2;50,5;-6,75;66,8;;
4,05;-43,2;49,8;-6,75;66,3;;
4,06;-43,2;49,8;-7,2;66,3;;
4,07;-43,7;50,2;-6,45;66,9;;
4,08;-43,5;49,6;-5,55;66,2;;
4,09;-43,7;48,3;-6,45;65,4;;
4,1;-44,1;48,9;-6,3;66,1;;
4,11;-43,8;48,9;-7,05;66;;
4,12;-42,9;49,8;-5,7;66;;
4,13;-42,4;50,5;-6,75;66,4;;
4,14;-44,4;49,8;-5,4;66,9;;
4,15;-44,1;48,1;-6,3;65,6;;
4,16;-42,3;50,7;-5,85;66,3;;
4,17;-42;49,3;-8,55;65,4;;
4,18;-43,7;49,8;-5,7;66,5;;
4,19;-42,1;49,1;-6,75;65;;
4,2;-44,7;49,5;-6,45;67;;
4,21;-43;49,9;-7,35;66,4;;
4,22;-43,7;49,8;-5,4;66,4;;
4,23;-44,5;49,9;-7,8;67,4;;
4,24;-44,7;50,5;-6,45;67,8;;
4,25;-44,5;49,6;-5,55;66,9;;
4,26;-44,5;49,9;-8,1;67,4;;
4,27;-43,5;48,9;-6,6;65,8;;
4,28;-43,8;49,9;-5,55;66,7;;
4,29;-43;49,3;-5,55;65,7;;
4,3;-43,9;49,1;-6,45;66,2;;
4,31;-42,9;49,1;-6,45;65,5;;
4,32;-44,5;49,9;-6,3;67,2;;
4,33;-44,5;49,9;-7,05;67,3;;
4,34;-43,8;49,6;-7,05;66,6;;
4,35;-42;48,6;-8,1;64,7;;
4,36;-44,4;50,2;-6,75;67,4;;
4,37;-43,9;49,5;-7,2;66,6;;
4,38;-42,3;47,9;-6,6;64,2;;
4,39;-43,9;50,2;-7,2;67,1;;
4,4;-44,1;50,7;-6,3;67,5;;
4,41;-42,9;49,8;-5,7;66;;
4,42;-42,9;49,5;-6;65,8;;
4,43;-43,7;49,1;-6,45;66;;
4,44;-43,7;49,1;-6,75;66;;
4,45;-44,1;48,6;-7,05;66;;
4,46;-42,9;49,5;-6,75;65,8;;
4,47;-43;48,9;-5,85;65,4;;
4,48;-45,3;50,7;-7,05;68,4;;
4,49;-43,5;49,6;-5,85;66,3;;
4,5;-43,5;49,9;-6,6;66,6;;
4,51;-43;49,6;-5,85;66;;
4,52;-44,7;49,8;-6;67,2;;
4,53;-43,7;49,1;-7,95;66,1;;
4,54;-44,9;49,9;-5,55;67,4;;
4,55;-44,4;50,5;-6,75;67,6;;
4,56;-44,1;49,6;-6,3;66,7;;
4,57;-43,2;49,8;-7,95;66,4;;
4,58;-44,4;49,1;-6,75;66,5;;
4,59;-42,8;51,4;-6,6;67,2;;
4,6;-43,7;50,5;-6,75;67,1;;
4,61;-43,2;48,7;-7,2;65,5;;
4,62;-42,4;48,7;-6,75;65;;
4,63;-43,9;50,2;-6;67;;
4,64;-44,1;49,3;-7,35;66,6;;
4,65;-43,2;48,7;-6;65,4;;
4,66;-44,4;48,3;-6,75;66;;
4,67;-42,9;50,2;-6,75;66,4;;
4,68;-44,1;50,4;-5,55;67,2;;
4,69;-43,9;49,1;-7,95;66,3;;
4,7;-43,9;49,1;-6;66,1;;
4,71;-43,5;49,6;-6,3;66,3;;
4,72;-43,8;49,3;-5,55;66,2;;
4,73;-44,1;48,9;-6,6;66,2;;
4,74;-43,9;49,8;-6,75;66,8;;
4,75;-43,5;49,9;-7,35;66,6;;
4,76;-42,3;49,3;-5,85;65,3;;
4,77;-42,9;50,5;-6;66,6;;
4,78;-43,2;49,8;-7,5;66,4;;
4,79;-42,9;49,1;-6,75;65,5;;
4,8;-43,7;49,8;-6,45;66,5;;
4,81;-44,5;48,9;-6,3;66,4;;
4,82;-45,2;49,1;-6;66,9;;
4,83;-43,7;50,5;-6,75;67,1;;
4,84;-43,8;50,7;-5,55;67,2;;
4,85;-45,2;49,8;-7,95;67,7;;
4,86;-45,2;48,7;-5,7;66,7;;
4,87;-44,5;50,4;-7,35;67,7;;
4,88;-42,3;48,9;-5,85;64,9;;
4,89;-43,8;48,6;-6,3;65,7;;
4,9;-42,9;48,7;-5,4;65,2;;
4,91;-42,9;49,1;-5,4;65,4;;
4,92;-43,8;48,6;-7,8;65,9;;
4,93;-44,7;49,8;-6,75;67,3;;
4,94;-43;50,7;-5,55;66,7;;
4,95;-43,2;49,5;-7,2;66,1;;
4,96;-43,7;49,1;-6,45;66;;
4,97;-44,7;49,1;-6,75;66,7;;
5,98;-44,5;48,9;-6,6;66,5;;
5,99;-42,8;50,4;-7,35;66,5;;
5;-43,2;49,1;-6,45;65,7;;
5,01;-43,9;50,2;-6,75;67,1;;
5,02;-43,9;48,3;-5,7;65,6;;
5,03;-45,6;50,7;-6,3;68,5;;
5,04;-43,8;49,6;-6,3;66,5;;
5,05;-44,1;49,6;-7,05;66,8;;
5,06;-44,1;49,9;-7,05;67;;
5,07;-42,1;50,2;-6,45;65,9;;
5,08;-42,9;49,5;-6;65,8;;
5,09;-44,1;50,4;-6,6;67,3;;
5,1;-44,7;49,1;-4,65;66,5;;
5,11;-44,1;49,6;-8,1;66,9;;
5,12;-43,8;48,1;-6,6;65,4;;
5,13;-43,2;49,8;-6,75;66,3;;
5,14;-42,1;49,8;-6;65,5;;
5,15;-44,1;49,3;-6,3;66,5;;
5,16;-43,8;48,9;-7,05;66;;
5,17;-44,5;49,6;-6,6;67;;
5,18;-43,5;47,9;-7,35;65,1;;
5,19;-44,7;48,3;-7,5;66,2;;
5,2;-42,8;51,1;-6,3;67;;
5,21;-43;48,6;-6,6;65,3;;
5,22;-43,5;49,9;-6,3;66,5;;
5,23;-43,5;51,1;-6,3;67,4;;
5,24;-45,2;50,5;-6,75;68,1;;
5,25;-43;48,1;-8,1;65,1;;
5,26;-42,9;48,7;-5,4;65,2;;
5,27;-43,5;51,4;-7,35;67,8;;
5,28;-43,7;48,7;-5,4;65,7;;
5,29;-42,9;49,1;-6,75;65,5;;
5,3;-43,9;49,5;-4,65;66,4;;
5,31;-43,9;49,8;-7,2;66,8;;
5,32;-44,4;49,5;-5,7;66,7;;
5,33;-44,5;51,4;-8,1;68,5;;
5,34;-43,2;49,5;-6,75;66;;
5,35;-43,9;49,5;-7,2;66,6;;
5,36;-44,1;49,3;-5,55;66,4;;
5,37;-43,7;49,5;-6,75;66,3;;
5,38;-43;48,9;-7,8;65,6;;
5,39;-43,7;48,7;-6,45;65,8;;
5,4;-42,9;49,8;-6;66;;
5,41;-44,1;49,3;-7,8;66,6;;
5,42;-43,7;47,2;-6,75;64,7;;
5,43;-43,5;49,9;-6,6;66,6;;
5,44;-43,5;50,4;-5,1;66,8;;
5,45;-43,8;50,4;-6,6;67,1;;
5,46;-43,5;48,9;-6,3;65,8;;
5,47;-44,9;49,3;-7,35;67,1;;
5,48;-41,5;48,6;-6,3;64,2;;
5,49;-43;49,6;-7,05;66,1;;
5,5;-43,7;49,8;-4,65;66,4;;
5,51;-43,2;50,5;-6,45;66,8;;
5,52;-44,7;49,1;-6;66,6;;
5,53;-43,8;49,3;-7,05;66,4;;
5,54;-42,9;48,7;-6,75;65,3;;
5,55;-43,2;48,7;-7,2;65,5;;
5,56;-43;49,3;-6,6;65,8;;
5,57;-44,4;48,7;-5,7;66,2;;
5,58;-44,1;48,1;-7,35;65,7;;
5,59;-43,5;48,6;-7,05;65,6;;
5,6;-43,9;49,1;-5,7;66,1;;
5,61;-43;51,4;-7,05;67,5;;
5,62;-43,5;49,6;-5,85;66,3;;
5,63;-43,5;49,3;-8,1;66,3;;
5,64;-43,5;49,6;-7,8;66,5;;
5,65;-44,1;50,4;-6,6;67,3;;
5,66;-43,8;49,9;-7,05;66,8;;
5,67;-42,8;49,3;-7,35;65,7;;
5,68;-43,7;49,5;-5,7;66,2;;
5,69;-43,2;49,8;-6,45;66,2;;
5,7;-43,2;49,5;-6;66;;
5,71;-43,7;50,5;-6;67,1;;
5,72;-42,3;48,9;-7,05;65;;
5,73;-44,1;48,6;-6,6;66;;
5,74;-43,7;50,5;-6,75;67,1;;
5,75;-44,1;50,4;-6,6;67,3;;
5,76;-42,8;49,9;-6,3;66;;
5,77;-43,5;49,9;-5,55;66,5;;
5,78;-43,7;49,1;-6,45;66;;
5,79;-43,5;49,6;-7,35;66,4;;
5,8;-43,7;49,8;-8,25;66,7;;
5,81;-42,4;50,2;-6;66,1;;
5,82;-44,4;49,1;-5,7;66,4;;
5,83;-44,4;50,5;-7,2;67,7;;
5,84;-43,5;49,6;-6,3;66,3;;
5,85;-44,4;49,5;-6,45;66,8;;
5,86;-44,9;49,6;-7,35;67,3;;
5,87;-42,1;48,3;-6,45;64,4;;
5,88;-42,3;48,9;-5,85;64,9;;
5,89;-43,8;48,9;-5,85;65,9;;
5,9;-44,1;50,4;-6,6;67,3;;
5,91;-45,3;49,6;-6,3;67,5;;
5,92;-43,8;50,4;-6,3;67,1;;
5,93;-43,9;50,2;-6,45;67,1;;
5,94;-43;48,6;-7,35;65,3;;
5,95;-44,9;47,9;-5,85;65,8;;
5,96;-43,7;49,5;-6;66,3;;
5,97;-43,8;49,3;-5,55;66,2;;
5,98;-43,2;49,8;-6;66,2;;
5,99;-42,8;49,3;-6,3;65,6;;
6;-43,8;100;-4,35;109;;
6,01;-45,4;99,9;-4,2;110;;
6,02;-43,9;101;-4,95;110;;
6,03;-45,2;99,6;-5,4;109;;
6,04;-46,3;99;-4,05;109;;
6,05;-44,5;99,5;-4,05;109;;
6,06;-44,4;100;-4,2;110;;
6,07;-44,7;101;-5,7;111;;
6,08;-43,8;100;-4,35;110;;
6,09;-44,9;99,5;-4,35;109;;
6,1;-44,9;99,5;-3,3;109;;
6,11;-45,2;101;-4,95;110;;
6,12;-43,9;99,9;-4,65;109;;
6,13;-45,2;101;-5,4;111;;
6,14;-45,3;100;-4,8;110;;
6,15;-44,7;98,9;-4,95;109;;
6,16;-45,3;100;-4,8;110;;
6,17;-43,7;100;-4,95;110;;
6,18;-44,4;99,6;-5,4;109;;
6,19;-45,8;100;-5,4;110;;
6,2;-46,5;101;-3,9;111;;
6,21;-46,2;100;-5,4;111;;
6,22;-44,9;101;-5,1;110;;
6,23;-45,8;101;-4,95;111;;
6,24;-44,7;101;-4,65;110;;
6,25;-45,4;99,9;-4,65;110;;
6,26;-44,7;100;-4,95;110;;
6,27;-45,4;99,9;-3,45;110;;
6,28;-45,3;99,5;-4,05;109;;
6,29;-45,6;100;-5,1;110;;
6,3;-44,7;101;-4,65;111;;
6,31;-43,9;101;-5,4;110;;
6,32;-45,6;100;-4,05;110;;
6,33;-45,6;98,3;-4,35;108;;
6,34;-45,6;100;-4,05;110;;
6,35;-44,4;99,6;-4,65;109;;
6,36;-45,2;100;-4,95;110;;
6,37;-46,5;98,9;-3,9;109;;
6,38;-45,3;99,8;-3,6;110;;
6,39;-44,1;100;-4,35;110;;
6,4;-43,8;101;-5,1;110;;
6,41;-43,5;101;-4,8;110;;
6,42;-46,9;99,9;-4,65;110;;
6,43;-45,2;100;-5,4;110;;
6,44;-44,4;101;-5,7;110;;
6,45;-44,5;99,5;-5,1;109;;
6,46;-44,7;101;-4,65;111;;
6,47;-44,4;100;-4,95;110;;
6,48;-44,4;100;-4,95;110;;
6,49;-45,3;99,5;-3,6;109;;
6,5;-44,5;99,5;-4,35;109;;
6,51;-45,6;100;-5,1;110;;
6,52;-46,3;101;-4,8;111;;
6,53;-44,1;100;-5,1;110;;
6,54;-43,7;101;-5,4;110;;
6,55;-45,8;99,1;-6,45;109;;
6,56;-44,5;100;-4,8;110;;
6,57;-44,7;98,9;-3,9;109;;
6,58;-43,7;99,9;-4,95;109;;
6,59;-45,2;99,6;-3,15;109;;
6,6;-44,4;100;-5,4;110;;
6,61;-43,7;99,9;-6;109;;
6,62;-46,3;100;-4,05;110;;
6,63;-44,9;99,5;-4,8;109;;
6,64;-44,4;101;-4,2;111;;
6,65;-44,5;99,8;-4,05;109;;
6,66;-45,3;101;-4,8;111;;
6,67;-43,9;99,6;-4,95;109;;
6,68;-44,4;100;-4,95;110;;
6,69;-44,1;101;-5,1;111;;
6,7;-44,7;102;-4,65;111;;
6,71;-45,3;99,5;-4,35;109;;
6,72;-45,6;100;-4,05;110;;
6,73;-45,3;100;-4,8;110;;
6,74;-45,3;100;-4,8;110;;
6,75;-44,4;99,9;-5,4;109;;
6,76;-44,9;100;-5,1;110;;
6,77;-46;100;-5,85;110;;
6,78;-44,4;99,6;-4,95;109;;
6,79;-44,7;99,9;-4,65;110;;
6,8;-45,8;99,9;-4,65;110;;
6,81;-45,2;99,6;-5,4;109;;
6,82;-44,9;100;-4,8;110;;
6,83;-43,8;101;-4,35;110;;
6,84;-44,5;98,7;-6,3;108;;
6,85;-45,2;101;-5,7;111;;
6,86;-45,3;101;-4,35;111;;
6,87;-46,5;99,9;-4,65;110;;
6,88;-44,4;99,9;-4,65;109;;
6,89;-45,6;99,8;-5,85;110;;
6,9;-44,1;99;-4,35;108;;
6,91;-46;101;-5,1;111;;
6,92;-45,8;99,1;-4,2;109;;
6,93;-44,9;102;-4,8;111;;
6,94;-43,9;101;-4,2;110;;
6,95;-44,4;99,9;-4,95;109;;
6,96;-44,5;100;-4,8;110;;
6,97;-45,4;102;-5,7;112;;
6,98;-43,9;99,1;-5,7;109;;
6,99;-45,3;100;-4,05;110;;
7;-45,2;100;-3,45;110;;
7,01;-43,9;99,6;-3,9;109;;
7,02;-45,3;100;-5,55;110;;
7,03;-44,9;99,8;-3,6;109;;
7,04;-45,3;99,5;-4,35;109;;
7,05;-44,9;101;-3,6;110;;
7,06;-44,4;101;-4,65;110;;
7,07;-44,1;99,5;-5,85;109;;
7,08;-44,5;100;-4,05;110;;
7,09;-45,2;101;-5,7;110;;
7,1;-45,6;99,8;-4,35;110;;
7,11;-44,9;102;-5,55;112;;
7,12;-45,4;99,1;-4,2;109;;
7,13;-45,4;101;-5,4;111;;
7,14;-43,8;99,5;-4,35;109;;
7,15;-46,2;99,9;-5,4;110;;
7,16;-44,5;99,8;-5,55;109;;
7,17;-43,2;100;-4,65;109;;
7,18;-45,2;99,1;-5,4;109;;
7,19;-45,8;101;-3,9;111;;
7,2;-43,7;99,6;-4,65;109;;
7,21;-43,8;99,8;-4,05;109;;
7,22;-46,2;99,9;-4,95;110;;
7,23;-45,6;99,8;-4,35;110;;
7,24;-43,9;99,9;-3,9;109;;
7,25;-45,8;100;-6,45;110;;
7,26;-45,4;99,6;-5,7;110;;
7,27;-44,9;99;-4,8;109;;
7,28;-44,7;99,1;-4,95;109;;
7,29;-45,3;99;-6,3;109;;
7,3;-45,6;101;-4,35;111;;
7,31;-44,9;100;-6,6;110;;
7,32;-44,1;99,8;-4,35;109;;
7,33;-43,7;102;-4,95;111;;
7,34;-44,4;99,6;-4,2;109;;
7,35;-46,3;101;-5,55;111;;
7,36;-45,4;101;-4,2;111;;
7,37;-45,3;101;-5,1;111;;
7,38;-45,2;99,9;-4,2;110;;
7,39;-45,2;99,9;-4,65;110;;
7,4;-43,9;100;-2,7;110;;
7,41;-43;100;-4,8;109;;
7,42;-45,4;100;-4,95;110;;
7,43;-45,2;99,9;-5,7;110;;
7,44;-43,5;99,8;-4,05;109;;
7,45;-43,2;101;-4,95;110;;
7,46;-43,8;99;-4,35;108;;
7,47;-44,9;99,8;-4,35;109;;
7,48;-44,5;101;-4,8;111;;
7,49;-45,8;101;-4,95;111;;
7,5;-44,5;100;-3,6;110;;
7,51;-45,4;98,9;-5,7;109;;
7,52;-43,8;98,3;-4,05;108;;
7,53;-45,3;100;-4,8;110;;
7,54;-45,6;100;-5,1;110;;
7,55;-44,7;102;-5,4;112;;
7,56;-44,4;99,1;-3,9;109;;
7,57;-43;101;-4,35;110;;
7,58;-46,2;99,1;-4,95;109;;
7,59;-45,8;101;-5,4;111;;
7,6;-44,1;100;-5,1;110;;
7,61;-46,5;100;-5,4;111;;
7,62;-44,7;101;-5,4;110;;
7,63;-44,7;99,9;-4,95;110;;
7,64;-44,4;100;-4,65;110;;
7,65;-45,3;99,8;-6,6;110;;
7,66;-43,9;101;-4,95;110;;
7,67;-45,3;99,5;-5,1;109;;
7,68;-44,5;100;-4,8;110;;
7,69;-44,7;101;-6,75;110;;
7,7;-45,4;99,9;-4,2;110;;
7,71;-45,2;100;-6;110;;
7,72;-45,8;99,1;-4,2;109;;
7,73;-44,4;100;-5,7;110;;
7,74;-45,2;100;-4,65;110;;
7,75;-44,1;100;-4,8;109;;
7,76;-43,9;98,4;-3,9;108;;
7,77;-45,3;99;-4,8;109;;
7,78;-44,5;99,8;-4,35;109;;
7,79;-46;101;-5,55;111;;
7,8;-44,9;102;-5,55;111;;
7,81;-46,3;101;-6,6;111;;
7,82;-44,1;99,8;-4,8;109;;
7,83;-44,7;102;-6;111;;
7,84;-45,3;99,8;-5,55;110;;
7,85;-46,5;101;-6;111;;
7,86;-45,2;99,9;-3,9;110;;
7,87;-43,5;99;-5,1;108;;
7,88;-44,9;100;-3,6;110;;
7,89;-44,7;102;-4,65;111;;
7,9;-44,5;99,5;-3,6;109;;
7,91;-46,9;101;-4,95;111;;
7,92;-45,2;99,9;-4,2;110;;
7,93;-44,9;99,8;-4,05;109;;
7,94;-45,2;98,9;-4,2;109;;
7,95;-44,1;99,8;-5,85;109;;
7,96;-45,8;100;-3,9;110;;
7,97;-44,4;100;-5,4;110;;
7,98;-45,4;102;-4,95;112;;
7,99;-45,3;100;-5,85;110;;
8;-44,5;99,5;-4,8;109;;
8,01;-44,9;102;-4,8;111;;
8,02;-45,2;101;-4,95;110;;
8,03;-46;99,8;-4,35;110;;
8,04;-45,8;101;-4,2;111;;
8,05;-46,2;101;-4,95;111;;
8,06;-44,5;99,5;-3,6;109;;
8,07;-45,6;100;-4,05;110;;
8,08;-43,9;99,9;-4,65;109;;
8,09;-43,5;101;-5,55;110;;
8,1;-44,9;100;-4,35;110;;
8,11;-44,7;101;-5,7;111;;
8,12;-43,9;101;-4,65;110;;
8,13;-43,9;99,9;-4,95;109;;
8,14;-44,4;100;-3,9;110;;
8,15;-44,5;101;-7,05;111;;
8,16;-44,4;98,9;-3,9;108;;
8,17;-44,7;99,6;-4,65;109;;
8,18;-44,5;100;-4,35;110;;
8,19;-44,7;99,9;-6;110;;
8,2;-43,7;100;-5,4;110;;
8,21;-44,9;101;-5,55;110;;
8,22;-45,2;100;-4,95;110;;
8,23;-45,3;101;-5,55;111;;
8,24;-45,4;99,6;-4,65;110;;
8,25;-45,3;99,8;-5,85;110;;
8,26;-45,2;99,6;-4,65;109;;
8,27;-46,3;99,5;-4,8;110;;
8,28;-45,4;99,1;-5,7;109;;
8,29;-46,8;98,3;-4,8;109;;
8,3;-44,7;99,6;-3,9;109;;
8,31;-43,7;99,6;-4,2;109;;
8,32;-44,4;99,1;-4,65;109;;
8,33;-44,7;98,1;-5,7;108;;
8,34;-45,3;101;-4,35;111;;
8,35;-43,8;100;-4,8;110;;
8,36;-45,3;101;-4,8;111;;
8,37;-43,9;99,6;-5,4;109;;
8,38;-45,8;101;-4,95;111;;
8,39;-44,5;101;-5,85;111;;
8,4;-44,9;99,8;-4,8;109;;
8,41;-44,4;99,9;-6;109;;
8,42;-45,2;101;-4,65;110;;
8,43;-44,7;100;-5,4;110;;
8,44;-43,8;100;-6,6;110;;
8,45;-44,7;101;-5,7;111;;
8,46;-44,7;99,9;-4,95;110;;
8,47;-43,7;100;-4,95;110;;
8,48;-45,2;101;-7,2;111;;
8,49;-44,5;99,8;-5,1;109;;
8,5;-44,9;99,8;-5,55;110;;
8,51;-44,9;99,8;-5,55;110;;
8,52;-44,1;100;-4,05;110;;
8,53;-43,5;101;-5,85;110;;
8,54;-44,1;100;-5,1;110;;
8,55;-43,9;101;-5,7;110;;
8,56;-44,9;98,7;-4,35;108;;
8,57;-46,3;99,8;-5,55;110;;
8,58;-44,9;100;-5,55;110;;
8,59;-43,7;100;-6,45;110;;
8,6;-44,5;99,8;-4,8;109;;
8,61;-44,9;100;-5,1;110;;
8,62;-44,4;99,6;-4,2;109;;
8,63;-44,7;101;-4,95;110;;
8,64;-45,4;99,9;-5,4;110;;
8,65;-44,1;102;-5,55;111;;
8,66;-44,5;99,8;-4,05;109;;
8,67;-44,4;99,1;-3,45;109;;
8,68;-44,1;100;-5,1;109;;
8,69;-44,5;99,5;-4,05;109;;
8,7;-44,5;100;-4,35;110;;
8,71;-44,9;101;-5,55;110;;
8,72;-44,5;99,5;-5,85;109;;
8,73;-45,4;99,6;-5,4;110;;
8,74;-44,1;101;-4,05;111;;
8,75;-43,9;99,6;-3,9;109;;
8,76;-44,5;99,8;-4,35;109;;
8,77;-45,3;98,3;-5,1;108;;
8,78;-45,8;101;-4,2;111;;
8,79;-44,7;101;-4,2;110;;
8,8;-45,8;101;-4,95;111;;
8,81;-45,2;100;-3,9;110;;
8,82;-46,3;101;-5,55;111;;
8,83;-45,2;99,6;-4,65;109;;
8,84;-44,4;101;-5,7;110;;
8,85;-45,3;101;-5,55;111;;
8,86;-44,7;99,9;-6;110;;
8,87;-44,7;100;-4,65;110;;
8,88;-45,2;101;-5,4;111;;
8,89;-45,4;99,1;-5,7;109;;
8,9;-44,5;101;-5,55;111;;
8,91;-45,3;100;-4,05;110;;
8,92;-45,8;101;-5,7;111;;
8,93;-45,6;100;-5,1;110;;
8,94;-43,7;101;-4,95;111;;
8,95;-44,9;101;-5,1;111;;
8,96;-45,6;99,5;-5,55;110;;
8,97;-44,7;98,4;-4,95;108;;
8,98;-44,9;101;-5,55;110;;
8,99;-45,3;99,8;-5,85;110;;
9;-47,7;200;-0,45;205;;
9,01;-45,4;198;-1,2;203;;
9,02;-47,1;198;-2,1;204;;
9,03;-46,9;198;-1,2;203;;
9,04;-47,7;200;-3,15;206;;
9,05;-46,2;199;-1,95;204;;
9,06;-46,2;198;-1,65;204;;
9,07;-46,8;199;-1,05;205;;
9,08;-47,1;200;-2,1;205;;
9,09;-47,4;198;-2,1;203;;
9,1;-46;199;-3,6;204;;
9,11;-46,5;200;-1,95;205;;
9,12;-47,9;200;-1,8;206;;
9,13;-46,9;200;-0,45;205;;
9,14;-47,7;200;-2,7;206;;
9,15;-45,2;200;-1,95;205;;
9,16;-46,5;198;-3,45;204;;
9,17;-46,2;200;-1,2;205;;
9,18;-47,1;198;-2,55;204;;
9,19;-46,8;199;-2,1;205;;
9,2;-47,9;198;-1,8;204;;
9,21;-46;197;-0,6;203;;
9,22;-47,2;200;-1,95;205;;
9,23;-45,6;198;0;203;;
9,24;-49,1;199;-1,65;205;;
9,25;-46,3;198;-1,8;204;;
9,26;-46,5;198;-1,65;204;;
9,27;-47,2;197;-3,15;202;;
9,28;-46,8;201;-2,55;206;;
9,29;-47,4;198;-2,1;204;;
9,3;-48,7;200;-1,65;206;;
9,31;-47,2;199;-1,65;204;;
9,32;-47,1;199;-1,35;205;;
9,33;-46,3;200;-1,8;205;;
9,34;-46,9;199;-1,95;205;;
9,35;-46;199;-0,6;204;;
9,36;-46,2;200;-0,15;205;;
9,37;-46,3;201;-0,6;206;;
9,38;-48,9;200;-2,1;206;;
9,39;-46,5;199;-1,95;204;;
9,4;-46,9;200;-3,15;205;;
9,41;-47,7;198;-1,2;204;;
9,42;-46,8;200;-2,1;206;;
9,43;-47,1;200;-0,6;205;;
9,44;-46,3;198;-0,6;203;;
9,45;-47,1;200;-3,3;205;;
9,46;-46,5;199;-1,2;204;;
9,47;-46,5;199;-3,15;205;;
9,48;-44,9;199;-0,6;204;;
9,49;-47,7;199;-0,9;204;;
9,5;-46,3;199;-1,8;204;;
9,51;-47,2;199;-1,2;205;;
9,52;-46,3;200;-0,3;205;;
9,53;-47,1;200;-3,3;206;;
9,54;-46,5;199;-1,2;205;;
9,55;-47,1;200;-0,6;205;;
9,56;-46,8;199;-1,8;204;;
9,57;-46,3;199;-2,55;205;;
9,58;-46,9;199;-1,95;204;;
9,59;-46,5;199;-1,95;204;;
9,6;-45,6;198;-2,85;203;;
9,61;-47,7;200;-1,95;206;;
9,62;-44,7;199;-2,4;204;;
9,63;-46,2;199;-2,4;205;;
9,64;-47,7;198;-1,95;204;;
9,65;-46,5;199;-0,9;204;;
9,66;-45,8;198;-1,65;203;;
9,67;-45,6;199;-2,85;204;;
9,68;-46,3;198;-2,1;203;;
9,69;-48,3;200;-1,2;206;;
9,7;-46,5;199;-0,15;204;;
9,71;-45,8;199;-3,15;205;;
9,72;-47,1;198;-0,6;200;;
9,73;-45,4;198;-1,95;203;;
9,74;-46,3;199;-2,1;205;;
9,75;-47,4;200;-2,1;205;;
9,76;-45,6;200;-1,35;205;;
9,77;-46,3;200;-3,3;205;;
9,78;-45,3;198;-1,8;204;;
9,79;-45,8;199;-2,7;204;;
9,8;-45,6;198;-2,1;203;;
9,81;-45,8;198;-3,15;204;;
9,82;-46,9;199;-1,2;204;;
9,83;-45,6;200;-3,3;205;;
9,84;-47,4;198;-1,8;203;;
9,85;-46,8;199;-1,35;204;;
9,86;-46,3;198;-1,35;204;;
9,87;-46,9;199;-1,65;204;;
9,88;-47,4;199;-2,55;205;;
9,89;-45,4;199;-1,2;204;;
9,9;-46,2;200;-1,65;205;;
9,91;-46,8;198;-2,85;204;;
9,92;-45,4;199;-2,4;204;;
9,93;-46;198;-2,55;203;;
9,94;-47,9;197;-0,6;203;;
9,95;-46;200;-1,35;205;;
9,96;-46,8;199;-2,1;205;;
9,97;-47,7;199;-0,45;205;;
9,98;-47,2;197;-1,95;203;;
9,99;-46,8;201;-2,55;206;;
10;-46,2;199;-0,9;204;;
10,01;-45,8;199;-0,45;204;;
10,02;-47,1;198;0;204;;
10,03;-47,4;199;-1,8;204;;
10,04;-46,2;198;-1,2;204;;
10,05;-47,2;199;-2,7;205;;
10,06;-47,2;200;-1,95;205;;
10,07;-45,4;200;-1,65;205;;
10,08;-48,6;198;-2,55;204;;
10,09;-46,3;199;-1,35;204;;
10,1;-46,5;199;-2,7;204;;
10,11;-46,2;200;-3,45;206;;
10,12;-46,2;199;-0,9;204;;
10,13;-46,2;199;-2,7;204;;
10,14;-46,9;199;-2,7;205;;
10,15;-47,4;200;-1,8;205;;
10,16;-45,6;198;-2,85;203;;
10,17;-46,2;199;-2,7;204;;
10,18;-46,8;198;-1,35;203;;
10,19;-48;199;-1,65;205;;
10,2;-47,2;198;-0,9;203;;
10,21;-47,2;199;-1,65;204;;
10,22;-46;198;-1,35;203;;
10,23;-47,7;199;-2,7;205;;
10,24;-47,2;199;-1,2;205;;
10,25;-46,8;199;-1,05;204;;
10,26;-46,9;199;-0,45;204;;
10,27;-46,3;200;-1,05;206;;
10,28;-45,3;199;-2,85;204;;
10,29;-47,2;198;-1,65;204;;
10,3;-46,8;200;-1,35;205;;
10,31;-46;200;-2,1;205;;
10,32;-46,8;200;-1,35;205;;
10,33;-46,3;199;-2,85;205;;
10,34;-46,8;199;-1,35;205;;
10,35;-47,9;198;-0,3;204;;
10,36;-45,4;199;-2,4;204;;
10,37;-46,5;198;-1,65;204;;
10,38;-47,9;199;-1,05;205;;
10,39;-47,4;198;-2,55;204;;
10,4;-46,8;198;-1,05;204;;
10,41;-46,5;200;-1,2;206;;
10,42;-46,8;199;-3,3;204;;
10,43;-46,3;198;-2,55;204;;
10,44;-46,2;199;-1,2;204;;
10,45;-46,9;199;-1,2;205;;
10,46;-46,3;199;-0,3;205;;
10,47;-47,4;198;-1,8;204;;
10,48;-47,2;200;-1,95;206;;
10,49;-46,5;199;-3,45;204;;
10,5;-47,2;197;-1,65;203;;
10,51;-46,9;200;-2,4;205;;
10,52;-46,5;200;-1,95;205;;
10,53;-46;198;-2,55;204;;
10,54;-46,8;199;-2,1;204;;
10,55;-47,4;199;-2,1;204;;
10,56;-45,6;198;-1,05;204;;
10,57;-47,4;199;-2,1;204;;
10,58;-47,1;198;-1,8;204;;
10,59;-47,9;198;-0,6;203;;
10,6;-47,1;199;-2,55;205;;
10,61;-45,4;199;-0,9;204;;
10,62;-47,1;199;-1,35;204;;
10,63;-47,2;199;-3,15;204;;
10,64;-47,7;199;-0,9;205;;
10,65;-47,1;201;-2,1;207;;
10,66;-47,2;200;-1,95;206;;
10,67;-46,5;199;-2,4;204;;
10,68;-45,8;199;-3,15;205;;
10,69;-46,2;199;-1,95;204;;
10,7;-44,7;198;-1,65;203;;
10,71;-47,1;197;-2,1;203;;
10,72;-48,3;200;-0,9;206;;
10,73;-47,1;200;-2,85;205;;
10,74;-45,8;200;-1,2;205;;
10,75;-47,2;197;-0,15;202;;
10,76;-47,7;200;-1,65;205;;
10,77;-46,2;199;-2,7;204;;
10,78;-47,1;199;-1,8;204;;
10,79;-47,2;199;-1,95;204;;
10,8;-46,5;200;-1,65;205;;
10,81;-45,6;199;-1,8;204;;
10,82;-46,5;200;-0,45;205;;
10,83;-45,6;199;-1,8;204;;
10,84;-47,4;200;-2,55;206;;
10,85;-46,2;199;-1,95;205;;
10,86;-46,3;199;-2,1;204;;
10,87;-46,2;199;-3,15;204;;
10,88;-47,1;198;-1,8;204;;
10,89;-47,7;199;-1,2;204;;
10,9;-46,8;199;-1,05;205;;
10,91;-46,3;200;-2,55;205;;
10,92;-46;198;-2,1;204;;
10,93;-46,2;199;-0,9;204;;
10,94;-46,2;198;-0,15;204;;
10,95;-46;199;-0,6;204;;
10,96;-47,2;199;-1,95;205;;
10,97;-46,2;200;-2,7;205;;
10,98;-47,1;199;-2,55;204;;
10,99;-47,4;200;-2,1;206;;
11;-45,8;200;-1,95;205;;
11,01;-47,2;199;-1,2;204;;
11,02;-46,2;200;-0,9;205;;
11,03;-46,5;199;-3,15;204;;
11,04;-46,3;198;-2,85;203;;
11,05;-45,8;199;-1,2;204;;
11,06;-47,1;199;-1,35;205;;
11,07;-46,8;199;-1,05;204;;
11,08;-45,6;200;-0,3;205;;
11,09;-46,3;199;-2,55;205;;
11,1;-46,3;199;-2,1;204;;
11,11;-46;200;-0,6;205;;
11,12;-48,3;199;-1,2;205;;
11,13;-45,3;199;-1,05;204;;
11,14;-46,3;198;-1,35;204;;
11,15;-46,9;199;-3,9;204;;
11,16;-47,7;200;-0,9;205;;
11,17;-46;198;-2,1;204;;
11,18;-46,9;200;-1,2;206;;
11,19;-46,2;200;-1,65;205;;
11,2;-47,2;201;-3,15;207;;
11,21;-47,2;199;-1,2;205;;
11,22;-46,3;199;-1,05;204;;
11,23;-46,3;200;-1,8;205;;
11,24;-46,3;197;-0,3;203;;
11,25;-46,2;200;-2,4;205;;
11,26;-46,8;199;-0,6;205;;
11,27;-46;199;-1,05;204;;
11,28;-46,3;201;-1,8;206;;
11,29;-47,7;199;-2,7;205;;
11,3;-46,3;199;-1,05;204;;
11,31;-48,6;200;-2,1;205;;
11,32;-46,2;199;-2,4;205;;
11,33;-46,3;198;-1,8;204;;
11,34;-46,3;200;-1,35;206;;
11,35;-46,2;200;-2,4;205;;
11,36;-48,9;199;-1,8;205;;
11,37;-46,8;199;-1,35;204;;
11,38;-45,8;198;-1,65;204;;
11,39;-46,3;199;-1,35;204;;
11,4;-47,9;199;-0,6;205;;
11,41;-46,8;200;-1,35;205;;
11,42;-45,8;198;-1,65;203;;
11,43;-46,9;198;-0,45;204;;
11,44;-47,2;200;-0,9;206;;
11,45;-47,2;200;-3,45;206;;
11,46;-47,1;199;-2,55;204;;
11,47;-46,9;199;-1,95;204;;
11,48;-44,9;200;-0,6;204;;
11,49;-47,7;199;-1,95;205;;
11,5;-46,2;199;-2,4;204;;
11,51;-47,1;198;-1,8;204;;
11,52;-46,2;200;-2,4;205;;
11,53;-47,1;199;-2,55;205;;
11,54;-45,8;200;-0,9;205;;
11,55;-47,1;200;-2,85;205;;
11,56;-47,2;200;-1,95;205;;
11,57;-47,7;198;-2,4;204;;
11,58;-46,3;198;-1,8;203;;
11,59;-46,8;199;-0,6;204;;
11,6;-47,7;199;-1,95;205;;
11,61;-47,2;199;-0,9;205;;
11,62;-46,9;199;-1,95;205;;
11,63;-47,4;199;-2,55;205;;
11,64;-46,8;198;-3,3;204;;
11,65;-46,9;199;-1,95;205;;
11,66;-46,8;200;-2,1;205;;
11,67;-45,8;200;-2,4;205;;
11,68;-45,6;200;-1,8;205;;
11,69;-47,2;198;-1,95;204;;
11,7;-47,1;199;-1,05;205;;
11,71;-45,8;200;-2,4;205;;
11,72;-45,6;200;-1,8;205;;
11,73;-45,8;199;-1,65;204;;
11,74;-46;199;-1,8;204;;
11,75;-47,4;198;-2,1;204;;
11,76;-45,6;200;-1,8;205;;
11,77;-46,3;198;-1,35;204;;
11,78;-46,8;197;-1,8;203;;
11,79;-45,4;198;-2,4;203;;
11,8;-47,2;200;-1,2;205;;
11,81;-47,7;198;-1,95;203;;
11,82;-47,4;200;-1,35;205;;
11,83;-45,6;199;-2,1;204;;
11,84;-47,4;198;-3,3;204;;
11,85;-46,5;198;-0,9;203;;
11,86;-47,1;198;-1,05;204;;
11,87;-47,4;198;-2,1;204;;
11,88;-47,1;199;-2,1;204;;
11,89;-47,9;198;-2,1;204;;
11,9;-46,5;199;-1,95;204;;
11,91;-46,3;199;-0,3;205;;
11,92;-46;198;-3,3;204;;
11,93;-48,1;198;-1,35;204;;
11,94;-47,4;198;-1,35;204;;
11,95;-47,1;199;-1,35;205;;
11,96;-46;200;-2,55;205;;
11,97;-47,9;200;-0,3;205;;
11,98;-46;199;-3,3;204;;
11,99;-47,7;200;-0,45;205;;
12;-50,2;303;0,15;307;;
12,01;-47,7;303;1,65;307;;
12,02;-48;304;1,2;307;;
12,03;-48,3;304;1,95;307;;
12,04;-48,1;304;1,8;308;;
12,05;-48,6;303;0,3;307;;
12,06;-47,1;304;1,05;308;;
12,07;-48,6;303;1,35;307;;
12,08;-46,2;303;1,95;307;;
12,09;-48,9;303;1,8;307;;
12,1;-49,6;303;0,6;307;;
12,11;-47,9;302;1,8;306;;
12,12;-48;304;1,95;307;;
12,13;-47,2;302;0,9;305;;
12,14;-48,9;304;1,8;308;;
12,15;-46,9;302;2,4;305;;
12,16;-46,9;303;0,15;307;;
12,17;-48,9;303;1,8;307;;
12,18;-48;303;0,15;306;;
12,19;-46,3;305;2,1;308;;
12,2;-47,2;303;0,9;307;;
12,21;-48,9;303;0,3;307;;
12,22;-47,9;304;1,8;308;;
12,23;-48,6;303;1,35;307;;
12,24;-48;304;0,9;307;;
12,25;-48;303;2,4;307;;
12,26;-47,9;303;0;307;;
12,27;-48,9;303;2,85;307;;
12,28;-49,6;303;1,05;307;;
12,29;-47,9;302;1,05;306;;
12,3;-48,1;304;2,55;308;;
12,31;-48,9;304;2,85;308;;
12,32;-49,3;304;1,05;308;;
12,33;-47,9;303;1,8;307;;
12,34;-48;303;1,65;307;;
12,35;-48,1;303;2,1;307;;
12,36;-50,2;303;1,65;307;;
12,37;-47,4;304;2,55;307;;
12,38;-48,7;303;1,2;307;;
12,39;-48,3;302;0,45;306;;
12,4;-48,7;303;0,9;307;;
12,41;-48,3;304;3,45;307;;
12,42;-48,7;304;-0,15;307;;
12,43;-48;303;2,7;307;;
12,44;-47,9;304;1,35;307;;
12,45;-47,7;301;1,2;305;;
12,46;-47,9;303;2,1;306;;
12,47;-49,1;303;0,9;307;;
12,48;-47,4;304;0,6;307;;
12,49;-49,3;304;2,1;308;;
12,5;-48,1;304;1,8;308;;
12,51;-48,3;304;1,65;308;;
12,52;-48,6;304;1,05;308;;
12,53;-48,3;301;0,9;305;;
12,54;-48;303;-0,15;306;;
12,55;-48,9;303;2,85;307;;
12,56;-48,6;304;2,55;308;;
12,57;-48,7;303;2,4;307;;
12,58;-46,9;303;0,15;306;;
12,59;-48,7;304;1,95;307;;
12,6;-48,6;303;1,05;307;;
12,61;-48,1;304;3,3;308;;
12,62;-49,6;304;1,8;308;;
12,63;-48,9;302;-0,3;306;;
12,64;-48,6;304;0,6;308;;
12,65;-48,1;302;1,35;306;;
12,66;-48,3;303;1,2;307;;
12,67;-48,3;303;1,65;307;;
12,68;-48;303;0,15;307;;
12,69;-49,1;304;0,9;308;;
12,7;-48,3;303;-0,15;300;;
12,71;-48;303;1,65;307;;
12,72;-48,6;305;1,35;309;;
12,73;-48,7;302;1,2;306;;
12,74;-49,5;302;0,15;306;;
12,75;-46,8;304;1,8;307;;
12,76;-48,6;303;2,55;307;;
12,77;-46,8;302;1,05;305;;
12,78;-48,6;303;1,05;307;;
12,79;-47,9;304;1,8;308;;
12,8;-48,3;304;1,65;308;;
12,81;-48,7;303;1,95;307;;
12,82;-47,7;304;0,9;308;;
12,83;-48,9;302;1,05;306;;
12,84;-46;302;1,35;306;;
12,85;-48;303;1,65;307;;
12,86;-48;302;0,9;306;;
12,87;-47,7;303;1,65;307;;
12,88;-48,6;303;1,05;307;;
12,89;-47,7;302;1,2;306;;
12,9;-48,1;303;1,35;307;;
12,91;-46,3;303;0,6;307;;
12,92;-48,9;305;1,35;309;;
12,93;-49,1;303;2,4;307;;
12,94;-47,2;303;1,65;307;;
12,95;-49,3;302;2,1;306;;
12,96;-49,3;303;2,85;307;;
12,97;-47,4;305;0,6;308;;
12,98;-48,3;304;1,95;308;;
12,99;-49,5;303;2,4;307;;
13;-49,1;303;0,9;307;;
13,01;-47,1;303;2,1;307;;
13,02;-47,4;303;2,55;307;;
13,03;-48,9;303;0,3;307;;
13,04;-48,9;303;1,05;307;;
13,05;-47,1;302;1,35;305;;
13,06;-48,9;302;1,8;306;;
13,07;-48,6;303;2,85;307;;
13,08;-48,3;302;1,2;306;;
13,09;-49,5;303;0,45;307;;
13,1;-48;303;1,95;307;;
13,11;-47,2;303;1,65;307;;
13,12;-48,7;304;1,95;307;;
13,13;-49,1;302;1,95;306;;
13,14;-48,3;303;-0,15;307;;
13,15;-47,4;303;1,05;307;;
13,16;-47,7;304;0,9;307;;
13,17;-49,5;303;1,65;307;;
13,18;-48,7;303;2,7;306;;
13,19;-46,8;303;1,05;307;;
13,2;-49,5;303;2,4;307;;
13,21;-46,9;303;0,9;306;;
13,22;-47,7;304;0,9;307;;
13,23;-48;303;1,95;307;;
13,24;-47,1;303;0,6;307;;
13,25;-48,9;303;1,8;307;;
13,26;-49,3;303;0,3;307;;
13,27;-47,7;303;0,45;307;;
13,28;-47,7;304;1,65;308;;
13,29;-48,7;304;1,2;308;;
13,3;-48,6;303;2,55;307;;
13,31;-48,6;303;2,55;307;;
13,32;-48,1;303;2,1;307;;
13,33;-48,1;304;1,05;308;;
13,34;-49,1;304;2,7;308;;
13,35;-48,3;304;2,4;308;;
13,36;-48,6;304;1,05;308;;
13,37;-48;303;1,65;306;;
13,38;-49,6;304;1,05;308;;
13,39;-48,6;303;1,35;307;;
13,4;-47,7;303;1,95;307;;
13,41;-49,5;303;1,95;307;;
13,42;-49,1;303;2,7;307;;
13,43;-48,1;303;1,35;307;;
13,44;-48,9;303;2,55;307;;
13,45;-48,9;303;0;307;;
13,46;-48,1;302;1,05;306;;
13,47;-48,9;304;1,35;308;;
13,48;-47,7;303;-0,15;307;;
13,49;-49,6;302;0,6;306;;
13,5;-48,3;302;1,95;306;;
13,51;-48,9;303;2,1;307;;
13,52;-48;303;1,95;307;;
13,53;-48,6;303;1,35;307;;
13,54;-47,7;303;1,2;307;;
13,55;-48;302;1,65;306;;
13,56;-48;302;3,45;306;;
13,57;-49,5;304;1,2;308;;
13,58;-47,7;303;2,7;307;;
13,59;-48;303;1,65;307;;
13,6;-48,6;304;3,3;308;;
13,61;-48,1;303;1,8;307;;
13,62;-48,9;302;2,55;306;;
13,63;-47,7;303;0,45;307;;
13,64;-49,3;303;0,3;307;;
13,65;-47,9;303;1,8;307;;
13,66;-49,5;304;1,95;308;;
13,67;-48,3;304;1,65;307;;
13,68;-48,9;303;1,35;307;;
13,69;-47,7;302;1,2;306;;
13,7;-48,1;302;0,3;306;;
13,71;-49,5;303;1,65;307;;
13,72;-48,3;303;1,65;307;;
13,73;-49,1;303;0,45;307;;
13,74;-48,6;305;1,8;309;;
13,75;-48,1;302;1,35;305;;
13,76;-48,1;303;2,55;307;;
13,77;-47,7;303;1,65;306;;
13,78;-48,6;303;1,8;307;;
13,79;-48;303;1,95;307;;
13,8;-49,6;304;1,05;309;;
13,81;-47,7;304;1,95;308;;
13,82;-48;303;-0,15;300;;
13,83;-47,9;304;2,1;308;;
13,84;-47,9;304;2,55;308;;
13,85;-47,2;303;0,9;307;;
13,86;-48,6;302;1,05;306;;
13,87;-48,1;303;1,8;307;;
13,88;-48,3;302;0,45;306;;
13,89;-47,2;302;1,65;305;;
13,9;-48;304;0,9;307;;
13,91;-47,9;302;1,35;305;;
13,92;-48,7;303;1,2;307;;
13,93;-49,3;302;1,8;306;;
13,94;-48;303;1,2;307;;
13,95;-48;304;1,65;308;;
13,96;-48,6;304;2,85;308;;
13,97;-47,2;305;0,45;308;;
13,98;-48,3;303;1,65;307;;
13,99;-48,9;303;2,4;307;;
14;-48;303;1,8;307;;
14,01;-49,6;302;1,05;306;;
14,02;-48,9;302;1,35;306;;
14,03;-48,3;303;1,2;306;;
14,04;-48;304;0,9;308;;
14,05;-48,1;304;2,55;308;;
14,06;-48,9;303;1,35;307;;
14,07;-48,6;303;0;307;;
14,08;-48,7;303;1,65;307;;
14,09;-48,3;304;1,95;307;;
14,1;-49,1;303;1,65;307;;
14,11;-48,3;303;1,95;306;;
14,12;-48;303;1,65;307;;
14,13;-47,9;302;1,05;306;;
14,14;-49,1;304;1,2;308;;
14,15;-49,9;304;2,55;308;;
14,16;-50,5;304;1,2;309;;
14,17;-49,1;303;1,95;307;;
14,18;-49,3;304;1,8;308;;
14,19;-48,6;303;0,6;307;;
14,2;-48,6;303;0,3;307;;
14,21;-48;303;1,2;307;;
14,22;-47,9;304;0,3;307;;
14,23;-48,6;303;2,55;307;;
14,24;-49,6;303;1,05;307;;
14,25;-48,6;303;1,05;307;;
14,26;-48,6;303;1,35;307;;
14,27;-48,3;304;0,45;308;;
14,28;-49,1;304;2,4;308;;
14,29;-48,1;303;0,6;307;;
14,3;-47,4;303;1,35;307;;
14,31;-47,4;304;0,6;307;;
14,32;-49,8;304;0,15;308;;
14,33;-48,6;303;1,05;307;;
14,34;-47,4;303;0;307;;
14,35;-49,6;303;1,05;307;;
14,36;-48;303;0,9;307;;
14,37;-46,9;303;0,45;306;;
14,38;-48,1;304;2,55;308;;
14,39;-47,4;302;0,6;306;;
14,4;-48,1;304;0,3;308;;
14,41;-49,3;303;0,6;307;;
14,42;-48,1;303;1,05;307;;
14,43;-47,1;303;2,85;306;;
14,44;-47,1;302;2,55;306;;
14,45;-48,9;302;2,85;306;;
14,46;-47,9;304;1,05;307;;
14,47;-47,7;302;0,9;306;;
14,48;-48,9;302;0,6;306;;
14,49;-49,5;302;0,9;306;;
14,5;-47,9;302;1,05;306;;
14,51;-48,1;303;3,3;307;;
14,52;-47,9;303;0;307;;
14,53;-47,4;304;1,05;307;;
14,54;-48,9;303;1,35;307;;
14,55;-48,9;303;1,8;307;;
14,56;-48,6;303;1,35;307;;
14,57;-48,6;302;2,55;306;;
14,58;-48,1;303;1,8;307;;
14,59;-48,1;303;1,05;307;;
14,6;-48,7;302;0,9;306;;
14,61;-49,3;303;2,1;307;;
14,62;-48;303;0,9;307;;
14,63;-48,3;303;1,2;307;;
14,64;-48,1;302;1,05;306;;
14,65;-48,1;303;0,6;307;;
14,66;-47,7;303;0,45;307;;
14,67;-47,9;302;1,8;306;;
14,68;-47,9;302;-0,3;306;;
14,69;-48,6;303;1,8;307;;
14,7;-49,5;303;0,45;307;;
14,71;-47,9;303;1,35;307;;
14,72;-47,4;304;0;308;;
14,73;-48,6;302;0,6;306;;
14,74;-49,5;303;-0,15;307;;
14,75;-48,1;304;2,1;308;;
14,76;-48,7;303;2,4;307;;
14,77;-47,9;304;1,05;307;;
14,78;-48;303;0,9;307;;
14,79;-49,5;304;2,4;308;;
14,8;-47,2;302;1,2;306;;
14,81;-48,7;301;2,4;305;;
14,82;-48,3;302;1,95;306;;
14,83;-48,9;304;1,05;308;;
14,84;-49,3;303;1,35;307;;
14,85;-49,1;302;1,2;306;;
14,86;-47,7;303;1,95;307;;
14,87;-48;304;1,65;307;;
14,88;-49,3;304;0,3;308;;
14,89;-47,7;302;1,2;306;;
14,9;-48,3;304;1,95;308;;
14,91;-49,5;302;1,65;306;;
14,92;-50,4;303;0,6;307;;
14,93;-48;304;2,4;307;;
14,94;-49,3;303;1,35;307;;
14,95;-48,7;303;1,2;307;;
14,96;-48,9;303;0,6;307;;
14,97;-49,9;302;1,05;306;;
14,98;-47,9;304;2,55;308;;
14,99;-47,1;303;2,1;307;;
15;-44,4;401;3,15;404;;
15,01;-44,1;401;2,85;403;;
15,02;-43,5;402;3,3;404;;
15,03;-44,5;402;3,6;404;;
15,04;-45,6;402;2,85;404;;
15,05;-44,5;402;3,3;405;;
15,06;-45,2;402;4,2;404;;
15,07;-44,1;401;3,6;403;;
15,08;-43,7;400;4,65;403;;
15,09;-44,5;402;3,6;404;;
15,1;-44,4;403;3,15;406;;
15,11;-45,3;400;1,8;403;;
15,12;-43,9;401;3,9;404;;
15,13;-45,2;402;3,45;405;;
15,14;-44,7;401;4,65;404;;
15,15;-46,2;402;4,95;404;;
15,16;-45,3;402;3,3;404;;
15,17;-44,1;402;2,1;404;;
15,18;-45,3;401;3,3;404;;
15,19;-44,1;401;4,05;404;;
15,2;-44,7;401;3,9;404;;
15,21;-43,7;403;3,15;405;;
15,22;-43,9;402;4,2;404;;
15,23;-45,6;401;2,85;404;;
15,24;-44,1;401;3,3;404;;
15,25;-43,8;400;4,05;403;;
15,26;-44,7;400;2,7;403;;
15,27;-43,8;401;4,35;403;;
15,28;-44,7;402;4,2;405;;
15,29;-45,2;402;2,7;404;;
15,3;-44,5;402;2,85;404;;
15,31;-44,4;401;2,7;403;;
15,32;-44,5;401;2,1;404;;
15,33;-45,3;401;2,55;404;;
15,34;-45,3;401;3,3;404;;
15,35;-45,2;402;2,7;405;;
15,36;-44,4;402;4,2;405;;
15,37;-45,2;402;3,9;405;;
15,38;-44,7;401;2,4;403;;
15,39;-45,4;401;3,9;403;;
15,4;-44,9;401;4,8;404;;
15,41;-43,9;403;2,7;405;;
15,42;-44,7;402;4,2;404;;
15,43;-44,5;401;2,85;404;;
15,44;-42,9;402;3,45;405;;
15,45;-46;403;3,6;406;;
15,46;-44,7;402;3,9;405;;
15,47;-43,8;403;4,35;405;;
15,48;-44,7;403;4,65;405;;
15,49;-45,2;402;3,15;404;;
15,5;-44,9;401;4,35;404;;
15,51;-45,8;401;3,9;403;;
15,52;-45,2;403;4,65;405;;
15,53;-43,8;402;4,35;404;;
15,54;-44,5;401;4,35;403;;
15,55;-44,9;401;3,3;403;;
15,56;-44,1;402;3,6;405;;
15,57;-43,9;400;3,15;402;;
15,58;-44,9;403;4,35;406;;
15,59;-45,8;402;4,2;405;;
15,6;-43,8;402;4,05;404;;
15,61;-45,3;402;3,3;404;;
15,62;-45,3;402;4,35;404;;
15,63;-45,6;402;4,35;405;;
15,64;-46;402;3,3;404;;
15,65;-44,5;402;3,3;404;;
15,66;-45,3;401;2,85;403;;
15,67;-44,5;401;4,05;403;;
15,68;-43,8;401;2,85;403;;
15,69;-45,4;401;3,15;404;;
15,7;-44,9;401;3,6;404;;
15,71;-43,9;401;3,9;404;;
15,72;-43,9;402;3,9;405;;
15,73;-45,2;401;2,4;404;;
15,74;-43,8;401;4,35;404;;
15,75;-43,8;401;3,6;404;;
15,76;-43,8;401;4,35;404;;
15,77;-44,4;402;3,45;404;;
15,78;-44,1;401;5,85;403;;
15,79;-44,9;402;2,85;404;;
15,8;-43,9;401;3,45;404;;
15,81;-44,5;401;2,85;403;;
15,82;-46;401;2,85;403;;
15,83;-43,8;401;4,05;404;;
15,84;-43;401;4,8;404;;
15,85;-46;401;3,3;403;;
15,86;-44,5;400;4,05;403;;
15,87;-43,5;402;3,6;405;;
15,88;-45,4;401;4,65;403;;
15,89;-44,5;401;2,85;404;;
15,9;-44,1;402;3,6;405;;
15,91;-44,1;401;4,35;403;;
15,92;-44,7;403;2,7;405;;
15,93;-44,4;401;2,7;403;;
15,94;-44,9;402;2,85;405;;
15,95;-46,3;402;2,85;405;;
15,96;-44,4;401;4,95;404;;
15,97;-44,9;401;2,85;404;;
15,98;-44,9;402;4,05;404;;
15,99;-45,4;401;4,65;404;;
16;-44,5;401;2,1;403;;
16,01;-44,5;402;4,05;404;;
16,02;-43,9;401;4,2;404;;
16,03;-43,5;400;4,35;403;;
16,04;-45,2;402;4,2;404;;
16,05;-43,9;401;3,45;404;;
16,06;-44,9;401;3,3;403;;
16,07;-45,4;402;4,65;405;;
16,08;-43,9;402;3,15;405;;
16,09;-44,7;400;4,65;403;;
16,1;-44,7;405;3,9;407;;
16,11;-44,7;403;3,15;406;;
16,12;-45,3;403;3,3;406;;
16,13;-44,4;405;2,4;407;;
16,14;-44,5;405;4,35;407;;
16,15;-44,7;403;4,95;406;;
16,16;-43,5;403;3,6;405;;
16,17;-45,3;403;2,85;405;;
16,18;-43,8;402;3,6;405;;
16,19;-44,1;403;4,05;406;;
16,2;-43,2;403;3,9;405;;
16,21;-45,2;402;3,15;405;;
16,22;-43,7;402;4,65;404;;
16,23;-45,6;402;4,35;405;;
16,24;-45,2;401;4,2;403;;
16,25;-45,3;402;4,05;405;;
16,26;-43,7;403;3,45;405;;
16,27;-46,2;402;4,2;404;;
16,28;-44,5;403;2,85;406;;
16,29;-45,2;404;4,2;406;;
16,3;-44,7;402;3,9;404;;
16,31;-45,8;401;3,45;403;;
16,32;-45,8;402;4,2;405;;
16,33;-44,9;404;2,85;406;;
16,34;-44,5;403;2,85;405;;
16,35;-43,5;403;3,6;405;;
16,36;-42,9;404;3,45;406;;
16,37;-44,1;402;3,3;405;;
16,38;-44,5;404;4,05;406;;
16,39;-44,9;401;3,6;403;;
16,4;-43,5;402;3,6;405;;
16,41;-43,7;403;4,65;405;;
16,42;-44,4;402;4,2;404;;
16,43;-45,4;400;3,9;403;;
16,44;-43,9;402;3,9;405;;
16,45;-44,5;402;3,6;405;;
16,46;-44,5;402;3,6;405;;
16,47;-42,9;403;3,9;405;;
16,48;-44,7;403;3,9;406;;
16,49;-43,7;402;4,2;404;;
16,5;-44,5;402;4,05;405;;
16,51;-44,4;402;3,45;404;;
16,52;-45,3;404;4,35;406;;
16,53;-43,8;401;2,85;404;;
16,54;-45,3;402;3,3;405;;
16,55;-45,4;402;3,9;405;;
16,56;-45,8;403;2,7;406;;
16,57;-43,7;403;3,9;405;;
16,58;-44,5;402;4,05;405;;
16,59;-44,7;403;3,45;406;;
16,6;-44,9;402;3,3;405;;
16,61;-43,7;402;2,7;404;;
16,62;-44,7;403;4,65;405;;
16,63;-44,5;401;3,6;404;;
16,64;-44,5;402;3,6;404;;
16,65;-45,2;402;4,2;405;;
16,66;-43,8;402;5,1;405;;
16,67;-44,4;402;4,2;404;;
16,68;-44,5;402;2,85;405;;
16,69;-44,4;403;3,45;406;;
16,7;-44,1;402;4,05;405;;
16,71;-44,1;402;2,85;404;;
16,72;-44,1;402;4,35;405;;
16,73;-44,4;403;3,45;405;;
16,74;-44,7;404;4,95;407;;
16,75;-45,3;401;4,05;403;;
16,76;-45,3;403;3,6;405;;
16,77;-43,7;402;3,45;405;;
16,78;-44,5;401;3,6;404;;
16,79;-44,9;403;4,8;405;;
16,8;-44,4;402;3,15;404;;
16,81;-45,3;401;3,3;404;;
16,82;-44,9;402;4,35;405;;
16,83;-44,1;402;4,35;405;;
16,84;-44,7;402;4,2;404;;
16,85;-44,1;402;4,8;405;;
16,86;-44,9;401;3,6;404;;
16,87;-43,8;402;4,8;405;;
16,88;-44,9;402;3,6;404;;
16,89;-44,4;402;3,9;404;;
16,9;-45,8;402;2,7;404;;
16,91;-45,3;403;3,3;406;;
16,92;-43,9;401;3,9;404;;
16,93;-46;401;3,3;404;;
16,94;-44,1;402;3,6;405;;
16,95;-44,7;402;4,95;405;;
16,96;-43,7;403;2,7;405;;
16,97;-45,2;401;3,15;404;;
16,98;-44,5;402;2,85;405;;
16,99;-45,8;402;4,95;405;;
17;-44,9;404;3,3;406;;
17,01;-43,7;402;3,9;404;;
17,02;-46;402;3,3;404;;
17,03;-45,6;402;3,6;404;;
17,04;-45,2;402;3,45;405;;
17,05;-44,1;402;3,6;404;;
17,06;-45,3;401;2,1;404;;
17,07;-44,4;402;3,45;404;;
17,08;-43,8;401;4,05;403;;
17,09;-44,4;402;3,45;404;;
17,1;-43,8;401;3,3;404;;
17,11;-45,3;402;4,05;405;;
17,12;-43,9;401;4,2;403;;
17,13;-44,1;402;2,1;405;;
17,14;-44,1;404;3,6;406;;
17,15;-45,4;403;3,15;406;;
17,16;-44,4;405;4,65;407;;
17,17;-44,1;404;4,05;406;;
17,18;-44,5;404;3,3;407;;
17,19;-44,9;404;4,05;406;;
17,2;-46;404;3,3;407;;
17,21;-44,5;403;3,3;406;;
17,22;-43,8;403;2,85;406;;
17,23;-44,5;403;4,35;405;;
17,24;-44,5;404;4,35;406;;
17,25;-45,4;404;3,15;406;;
17,26;-45,3;403;4,05;406;;
17,27;-45,3;402;4,35;404;;
17,28;-44,7;403;4,2;406;;
17,29;-44,5;404;2,85;406;;
17,3;-44,9;403;4,05;406;;
17,31;-43,7;403;3,9;406;;
17,32;-44,1;405;3,3;407;;
17,33;-44,9;405;3,6;407;;
17,34;-44,9;404;2,55;406;;
17,35;-44,1;403;4,35;405;;
17,36;-44,7;403;4,2;406;;
17,37;-45,2;402;4,65;405;;
17,38;-44,1;404;3,3;406;;
17,39;-44,4;403;4,2;406;;
17,4;-45,2;404;4,95;406;;
17,41;-45,4;403;4,95;406;;
17,42;-45,3;404;2,1;407;;
17,43;-45,3;404;4,35;406;;
17,44;-43,5;403;4,8;406;;
17,45;-44,7;403;4,2;405;;
17,46;-44,4;403;3,45;406;;
17,47;-44,7;403;4,65;406;;
17,48;-43,9;404;4,2;407;;
17,49;-45,3;404;3,3;406;;
17,5;-44,4;404;3,15;407;;
17,51;-44,5;402;5,55;404;;
17,52;-45,6;402;4,05;404;;
17,53;-43,2;403;3,9;406;;
17,54;-44,9;404;4,05;406;;
17,55;-45,8;403;3,45;406;;
17,56;-43,9;403;3,15;406;;
17,57;-44,1;403;4,05;406;;
17,58;-44,4;404;3,15;406;;
17,59;-44,4;403;2,7;405;;
17,6;-44,7;403;2,4;406;;
17,61;-44,4;403;3,45;406;;
17,62;-42,4;403;3,9;405;;
17,63;-43,8;404;4,8;406;;
17,64;-46,2;403;3,15;406;;
17,65;-43,8;402;5,1;405;;
17,66;-45,3;404;4,8;407;;
17,67;-44,4;403;3,9;405;;
17,68;-44,9;404;2,85;407;;
17,69;-43,8;402;4,05;405;;
17,7;-45,2;404;2,7;406;;
17,71;-44,4;404;2,4;406;;
17,72;-43,9;403;2,7;405;;
17,73;-43,7;404;3,15;406;;
17,74;-45,4;402;4,2;405;;
17,75;-45,6;402;3,3;405;;
17,76;-43,8;404;3,6;406;;
17,77;-43,9;404;2,7;406;;
17,78;-43,7;402;3,45;405;;
17,79;-44,9;403;4,35;405;;
17,8;-44,1;402;3,3;405;;
17,81;-45,3;402;3,6;405;;
17,82;-44,1;403;4,05;405;;
17,83;-43,9;403;3,9;405;;
17,84;-45,2;402;3,15;405;;
17,85;-44,7;403;2,7;405;;
17,86;-44,5;404;4,8;406;;
17,87;-43,9;403;3,45;405;;
17,88;-44,1;404;4,35;406;;
17,89;-43,7;403;3,15;406;;
17,9;-44,5;402;4,05;405;;
17,91;-44,5;403;3,6;406;;
17,92;-43,9;403;4,2;405;;
17,93;-45,2;404;4,2;407;;
17,94;-44,9;404;3,6;406;;
17,95;-45,2;402;4,65;405;;
17,96;-44,1;404;2,1;406;;
17,97;-43,9;402;4,65;405;;
17,98;-44,5;403;5,1;405;;
17,99;-45,3;403;4,8;405;;
18;-40,9;497;6,6;499;;
18,01;-43,2;497;5,7;499;;
18,02;-42,9;496;6,45;498;;
18,03;-42,4;498;7,5;500;;
18,04;-41,9;498;6,75;500;;
18,05;-42,8;499;6,6;500;;
18,06;-42,3;496;5,85;498;;
18,07;-42,3;497;7,05;499;;
18,08;-43,7;496;5,4;498;;
18,09;-43,5;496;5,55;498;;
18,1;-42,9;497;5,7;499;;
18,11;-42,3;498;5,85;499;;
18,12;-42;497;5,85;499;;
18,13;-43;497;6,6;499;;
18,14;-41,4;497;6,75;499;;
18,15;-43,5;497;5,85;499;;
18,16;-42,1;496;4,95;498;;
18,17;-40,6;498;6,75;500;;
18,18;-42;496;7,8;498;;
18,19;-41,9;497;5,7;498;;
18,2;-42,1;496;7,2;498;;
18,21;-41,2;496;5,1;498;;
18,22;-43;495;5,85;497;;
18,23;-43,5;497;5,55;499;;
18,24;-42,4;497;4,95;499;;
18,25;-43;497;7,05;499;;
18,26;-43,2;497;7,2;499;;
18,27;-42,1;497;6;498;;
18,28;-42,9;497;6;499;;
18,29;-42,9;498;6,45;500;;
18,3;-42,4;497;6,45;499;;
18,31;-40,6;496;5,7;498;;
18,32;-42,3;497;6,3;499;;
18,33;-42,9;498;6,75;500;;
18,34;-42,4;497;6,75;499;;
18,35;-43;498;5,85;500;;
18,36;-43,2;498;6,45;500;;
18,37;-43;498;6,6;500;;
18,38;-41,4;497;6;499;;
18,39;-41,9;496;5,7;498;;
18,4;-42,1;496;5,7;498;;
18,41;-41,5;496;5,85;498;;
18,42;-41,4;497;6;499;;
18,43;-42,4;497;6,45;499;;
18,44;-41,2;497;6,3;499;;
18,45;-42,1;497;6,75;498;;
18,46;-42,9;496;6,75;498;;
18,47;-41,4;497;7,5;499;;
18,48;-42;496;4,8;498;;
18,49;-43,7;497;5,7;499;;
18,5;-43,8;498;7,05;500;;
18,51;-42,3;499;5,85;500;;
18,52;-42,9;498;5,7;500;;
18,53;-41,4;498;6;500;;
18,54;-41,4;497;6;499;;
18,55;-42,1;498;7,2;500;;
18,56;-42,1;498;6,75;500;;
18,57;-42;497;6,3;499;;
18,58;-41,1;499;5,7;500;;
18,59;-42;497;5,85;499;;
18,6;-41,5;498;5,1;499;;
18,61;-42,4;496;6,45;498;;
18,62;-41,1;497;6,75;499;;
18,63;-41,4;497;5,7;499;;
18,64;-41,9;497;5,4;499;;
18,65;-40,9;497;7,35;499;;
18,66;-43;497;5,1;499;;
18,67;-42;497;6,6;499;;
18,68;-42,3;498;7,8;499;;
18,69;-40,9;496;4,8;498;;
18,7;-41,5;497;5,1;499;;
18,71;-43,2;498;6;500;;
18,72;-41,5;497;5,55;499;;
18,73;-41,4;498;4,95;500;;
18,74;-41,4;498;4,65;499;;
18,75;-42,8;496;5,85;498;;
18,76;-41,9;498;7,2;500;;
18,77;-42,3;497;6,3;499;;
18,78;-42,3;498;6,6;500;;
18,79;-42,3;498;5,1;499;;
18,8;-41,4;499;5,4;500;;
18,81;-42,4;496;5,7;498;;
18,82;-41,9;497;5,7;499;;
18,83;-42;499;7,05;500;;
18,84;-41,5;497;6,3;499;;
18,85;-43;497;6,3;499;;
18,86;-42,8;498;5,55;499;;
18,87;-42,1;498;6,45;500;;
18,88;-42,9;499;5,7;501;;
18,89;-42,1;497;4,95;499;;
18,9;-42,9;497;5,4;499;;
18,91;-41,5;498;5,1;499;;
18,92;-42,8;496;5,55;498;;
18,93;-42,1;497;7,2;499;;
18,94;-42,3;498;6,3;500;;
18,95;-42;497;7,05;499;;
18,96;-41,9;498;5,7;499;;
18,97;-42,8;497;5,55;499;;
18,98;-41,9;498;6,45;500;;
18,99;-43;498;6,3;499;;
19;-41,9;498;6,75;500;;
19,01;-41,9;497;6;499;;
19,02;-43,2;498;5,7;500;;
19,03;-41,9;498;5,7;499;;
19,04;-41,4;496;5,7;498;;
19,05;-41,5;498;5,85;499;;
19,06;-41,2;497;5,85;499;;
19,07;-42,1;497;6,45;498;;
19,08;-41,4;498;7,2;499;;
19,09;-41,9;496;6;497;;
19,1;-42;496;5,85;498;;
19,11;-41,5;497;6,6;499;;
19,12;-42,9;497;5,4;499;;
19,13;-42,3;498;6,3;500;;
19,14;-42,4;497;4,95;499;;
19,15;-41,9;497;5,4;499;;
19,16;-42,8;498;5,55;500;;
19,17;-41,1;497;6;499;;
19,18;-42;497;5,55;499;;
19,19;-41,4;497;6,45;499;;
19,2;-42;498;6,3;500;;
19,21;-42,9;499;6,75;501;;
19,22;-42,3;497;6,6;499;;
19,23;-42,1;497;6,45;499;;
19,24;-43,8;498;4,8;499;;
19,25;-42,1;497;6;499;;
19,26;-42,9;497;5,7;499;;
19,27;-43;496;5,85;498;;
19,28;-42,4;498;5,7;500;;
19,29;-41,2;496;4,8;498;;
19,3;-42,9;497;5,7;499;;
19,31;-41,5;496;6,6;498;;
19,32;-42,3;497;5,1;499;;
19,33;-40,2;497;5,55;499;;
19,34;-42,1;498;6,45;500;;
19,35;-41,9;496;5,4;498;;
19,36;-42,8;498;4,8;500;;
19,37;-42,3;497;6,6;499;;
19,38;-42;499;6,3;501;;
19,39;-41,4;497;6;498;;
19,4;-42;496;5,85;498;;
19,41;-41,9;497;6;499;;
19,42;-43,7;497;4,65;499;;
19,43;-42,1;497;5,7;499;;
19,44;-42;496;5,85;498;;
19,45;-41,5;498;6,6;500;;
19,46;-42,9;497;6,45;499;;
19,47;-43,5;498;5,85;499;;
19,48;-42,8;499;7,35;501;;
19,49;-41,2;496;6,6;498;;
19,5;-43,2;497;5,4;499;;
19,51;-41,9;497;5,7;499;;
19,52;-41,9;497;7,2;499;;
19,53;-41,9;496;5,7;497;;
19,54;-42,1;497;6,45;499;;
19,55;-43;496;5,55;498;;
19,56;-42;498;5,85;499;;
19,57;-42,3;496;6,6;498;;
19,58;-42,4;497;5,4;498;;
19,59;-40,2;496;6,3;498;;
19,6;-42;498;6,3;499;;
19,61;-42,8;497;5,85;499;;
19,62;-42,1;498;4,95;500;;
19,63;-41,2;498;6,3;499;;
19,64;-42,8;498;5,85;499;;
19,65;-42,1;498;6,75;500;;
19,66;-42;495;6,6;497;;
19,67;-40,6;496;5,4;498;;
19,68;-43,5;496;5,55;498;;
19,69;-41,5;498;6,6;500;;
19,7;-42,4;498;6,45;500;;
19,71;-41,9;497;5,7;498;;
19,72;-41,5;497;4,8;499;;
19,73;-41,9;496;6,45;498;;
19,74;-41,9;496;6,45;498;;
19,75;-41,9;497;7,5;499;;
19,76;-42,1;498;6,75;500;;
19,77;-41,9;496;5,7;498;;
19,78;-41,1;497;5,7;498;;
19,79;-42,3;497;6,6;499;;
19,8;-43;496;4,8;498;;
19,81;-42,3;496;6,3;498;;
19,82;-43,5;498;5,55;499;;
19,83;-42;497;6,6;499;;
19,84;-42,3;495;4,8;497;;
19,85;-42,3;497;7,05;499;;
19,86;-41,5;497;6,6;499;;
19,87;-41,5;497;5,85;499;;
19,88;-43,7;498;5,7;500;;
19,89;-42,3;496;7,05;498;;
19,9;-41,5;497;6,6;499;;
19,91;-40,2;498;5,55;499;;
19,92;-43;498;5,85;500;;
19,93;-42,4;497;6;499;;
19,94;-42,3;495;4,35;497;;
19,95;-42,3;496;7,35;498;;
19,96;-43,7;496;5,7;498;;
19,97;-42,3;498;6,6;500;;
19,98;-42,3;497;5,85;499;;
19,99;-42,1;498;5,4;500;;
20;-42,3;496;7,35;498;;
20,01;-41,9;497;5,4;499;;
20,02;-42,1;497;6,75;499;;
20,03;-41,9;497;7,5;499;;
20,04;-42;496;5,55;498;;
20,05;-42;496;5,55;498;;
20,06;-42,9;496;7,2;498;;
20,07;-41,5;497;4,8;499;;
20,08;-43;498;7,05;499;;
20,09;-41,5;496;7,8;498;;
20,1;-42,4;497;4,65;499;;
20,11;-41,4;496;5,7;498;;
20,12;-41,4;496;6;498;;
20,13;-42,9;497;5,7;499;;
20,14;-42,1;495;6,45;497;;
20,15;-41,4;495;5,7;497;;
20,16;-42,9;497;5,7;499;;
20,17;-42;497;5,85;499;;
20,18;-40,6;497;5,4;499;;
20,19;-41,5;497;5,1;499;;
20,2;-40,9;498;5,55;499;;
20,21;-41,4;496;6,75;497;;
20,22;-43,8;497;5,55;499;;
20,23;-41,1;496;5,7;498;;
20,24;-43,5;497;6,6;499;;
20,25;-41,9;497;6,45;499;;
20,26;-42,3;497;5,55;499;;
20,27;-40,9;496;6,6;498;;
20,28;-41,5;496;4,05;498;;
20,29;-41,4;497;6,45;499;;
20,3;-41,2;497;4,8;499;;
20,31;-41,9;497;5,4;498;;
20,32;-42,1;498;6,45;500;;
20,33;-41,4;497;5,4;498;;
20,34;-42,1;496;6,75;498;;
20,35;-43,8;496;7,05;498;;
20,36;-44,4;498;6,75;500;;
20,37;-42,4;496;6,75;498;;
20,38;-42;497;6,3;499;;
20,39;-41,1;497;5,7;499;;
20,4;-42,9;495;5,4;497;;
20,41;-42,4;498;5,7;500;;
20,42;-41,4;497;7,2;499;;
20,43;-42,1;497;4,95;499;;
20,44;-42,9;497;6,45;499;;
20,45;-41,4;496;5,7;498;;
20,46;-42,3;497;5,55;499;;
20,47;-43,2;496;6,75;498;;
20,48;-43,5;497;5,85;499;;
20,49;-43,7;496;5,7;498;;
20,5;-42,4;496;4,65;497;;
20,51;-42,8;498;7,35;500;;
20,52;-42,4;497;6,45;499;;
20,53;-41,4;497;6;499;;
20,54;-42,1;497;6,45;499;;
20,55;-42,9;496;6;498;;
20,56;-43;498;6,3;499;;
20,57;-42,8;497;5,55;499;;
20,58;-41,9;497;5,4;498;;
20,59;-40,5;497;6,3;499;;
20,6;-43,9;496;6;498;;
20,61;-42,1;499;4,2;501;;
20,62;-41,9;496;5,4;497;;
20,63;-41,9;496;6;497;;
20,64;-42;496;5,1;498;;
20,65;-40,9;497;6,6;499;;
20,66;-42,4;495;6;497;;
20,67;-42;496;5,85;498;;
20,68;-42,3;495;6,3;497;;
20,69;-41,1;497;6,45;499;;
20,7;-41,2;496;6,6;498;;
20,71;-42,4;497;7,2;499;;
20,72;-41,5;497;6,6;499;;
20,73;-43,2;497;5,4;499;;
20,74;-42,1;497;5,7;499;;
20,75;-42,3;496;7,05;498;;
20,76;-43,2;495;6,45;497;;
20,77;-43;496;5,85;498;;
20,78;-42,1;497;4,2;499;;
20,79;-42,4;496;6,75;498;;
20,8;-43,2;496;4,95;498;;
20,81;-43,5;497;6,6;499;;
20,82;-41,2;496;6,3;498;;
20,83;-42,8;498;5,55;500;;
20,84;-42;497;5,85;499;;
20,85;-41,1;496;6;498;;
20,86;-41,9;497;4,95;499;;
20,87;-42;497;5,85;499;;
20,88;-42,8;496;6,6;498;;
20,89;-42,9;497;5,7;499;;
20,9;-42,3;495;4,8;497;;
20,91;-42,3;498;5,1;500;;
20,92;-43,2;497;6,45;499;;
20,93;-42,8;497;5,55;499;;
20,94;-42,4;497;6;499;;
20,95;-42,8;495;5,55;497;;
20,96;-42,4;496;6,75;498;;
20,97;-41,9;498;7,2;500;;
20,98;-42,4;497;6,75;499;;
20,99;-42,9;497;7,2;499;;
21;-38,7;598;7,35;599;;
21,01;-39,8;599;9,3;601;;
21,02;-39,3;599;7,5;600;;
21,03;-38,5;599;9;600;;
21,04;-38,9;599;9;600;;
21,05;-39,6;597;7,95;599;;
21,06;-39,4;597;9,6;599;;
21,07;-40,6;599;9,45;600;;
21,08;-41,2;599;8,1;600;;
21,09;-39;600;9,6;601;;
21,1;-40,4;598;9,45;599;;
21,11;-40,2;599;9,3;601;;
21,12;-38,7;600;7,8;601;;
21,13;-39,4;599;10;601;;
21,14;-39,8;599;7,8;600;;
21,15;-40,2;599;10;601;;
21,16;-39,9;599;9;600;;
21,17;-40,2;598;9,3;599;;
21,18;-41,4;598;7,95;599;;
21,19;-39,8;598;9,3;599;;
21,2;-40,2;599;9,3;601;;
21,21;-41,1;598;9,45;600;;
21,22;-41,1;598;9,45;599;;
21,23;-39,4;598;9,3;599;;
21,24;-39,9;598;7,95;599;;
21,25;-39,6;596;9;598;;
21,26;-40,5;598;8,1;599;;
21,27;-38,5;599;7,5;600;;
21,28;-40,2;597;8,85;598;;
21,29;-40,2;597;8,1;599;;
21,3;-39;599;9,6;600;;
21,31;-39,6;597;8,25;599;;
21,32;-38,1;598;7,2;599;;
21,33;-39,8;597;8,55;598;;
21,34;-39,9;596;7,5;598;;
21,35;-38,5;598;8,7;599;;
21,36;-40,6;598;7,2;599;;
21,37;-40,6;597;9,45;598;;
21,38;-39,9;598;8,7;599;;
21,39;-40,4;597;7,95;598;;
21,4;-38,7;600;7,8;601;;
21,41;-39,9;599;8,25;600;;
21,42;-40,9;599;6,6;600;;
21,43;-40,9;597;8,55;598;;
21,44;-39,9;598;8,25;600;;
21,45;-39,4;598;8,85;599;;
21,46;-39,8;597;8,55;599;;
21,47;-40,6;599;8,25;600;;
21,48;-40,4;597;7,95;599;;
21,49;-39,9;595;8,25;596;;
21,5;-39,4;598;8,55;599;;
21,51;-38,7;597;8,55;599;;
21,52;-39;596;8,85;598;;
21,53;-40,4;597;9,75;599;;
21,54;-40,2;598;8,55;599;;
21,55;-40,4;598;8,7;599;;
21,56;-39,6;598;9,75;599;;
21,57;-40,2;597;9,3;598;;
21,58;-38,9;597;9;598;;
21,59;-39,8;597;9,3;599;;
21,6;-41,1;597;9,75;598;;
21,61;-40,2;597;8,1;599;;
21,62;-41,4;597;9;598;;
21,63;-36,4;610;8,55;611;;
21,64;-37,9;606;8,1;607;;
21,65;-38,7;602;8,55;603;;
21,66;-38,7;601;9,3;602;;
21,67;-39,6;600;9,75;602;;
21,68;-40,2;599;8,55;601;;
21,69;-40,6;599;8,7;601;;
21,7;-41,9;599;7,95;600;;
21,71;-39,4;598;9,6;599;;
21,72;-39,3;599;9;600;;
21,73;-38,9;601;9,75;603;;
21,74;-39,8;605;7,8;607;;
21,75;-38,1;605;9,75;607;;
21,76;-37,8;605;9,75;607;;
21,77;-38,7;607;8,55;608;;
21,78;-38,5;608;7,2;609;;
21,79;-39,3;608;6,75;609;;
21,8;-39,9;607;7,95;608;;
21,81;-39,6;606;8,7;607;;
21,82;-39,8;606;7,35;608;;
21,83;-38,5;606;8,7;607;;
21,84;-39,8;606;10,3;607;;
21,85;-38,9;606;9;608;;
21,86;-39,8;606;8,55;608;;
21,87;-39,3;606;9,45;608;;
21,88;-39,9;608;8,25;609;;
21,89;-39,4;606;7,35;607;;
21,9;-38,7;608;8,1;610;;
21,91;-37,8;609;9;610;;
21,92;-40,2;608;8,55;610;;
21,93;-38,7;608;9,6;610;;
21,94;-37,8;608;8,7;609;;
21,95;-37,9;608;8,55;609;;
21,96;-39;608;8,55;609;;
21,97;-38,3;606;8,85;608;;
21,98;-39,9;603;8,7;605;;
21,99;-40,6;604;9,45;605;;
22;-40,6;603;8,7;605;;
22,01;-37,9;606;10;608;;
22,02;-38,7;608;7,8;610;;
22,03;-39;605;8,1;606;;
22,04;-37,8;604;9,75;605;;
22,05;-39,9;603;9,75;604;;
22,06;-40,6;602;7,95;603;;
22,07;-38,9;601;9,45;603;;
22,08;-38,7;604;8,1;605;;
22,09;-39,6;601;8,25;603;;
22,1;-38,7;601;8,85;602;;
22,11;-37,2;604;10;605;;
22,12;-39,4;606;9,6;608;;
22,13;-38,5;607;9;608;;
22,14;-38,9;606;9;607;;
22,15;-39,9;610;9;611;;
22,16;-39,4;607;8,85;608;;
22,17;-39;608;9,3;609;;
22,18;-37,9;608;7,35;610;;
22,19;-38,3;607;8,55;608;;
22,2;-39,6;608;8,25;609;;
22,21;-38,3;607;8,1;608;;
22,22;-38,3;608;8,55;610;;
22,23;-38,3;608;8,85;609;;
22,24;-38,3;608;9,6;609;;
22,25;-38,7;608;8,85;609;;
22,26;-38,3;608;9,3;609;;
22,27;-38,3;609;8,55;610;;
22,28;-39;609;8,55;610;;
22,29;-39,3;607;9;609;;
22,3;-39,3;608;9,45;609;;
22,31;-38,5;608;9;609;;
22,32;-39,3;606;9,45;607;;
22,33;-37,9;608;10;609;;
22,34;-39,4;609;7,8;610;;
22,35;-39,3;608;9;609;;
22,36;-39,8;607;8,1;609;;
22,37;-37,9;606;8,1;607;;
22,38;-39,3;604;8,25;606;;
22,39;-39,8;604;7,8;606;;
22,4;-39,6;601;9,45;603;;
22,41;-38,3;603;8,85;604;;
22,42;-40,9;603;8,55;604;;
22,43;-38,5;603;9,45;604;;
22,44;-41,2;603;7,8;604;;
22,45;-40,2;602;8,85;604;;
22,46;-39,6;602;7,95;603;;
22,47;-38,9;602;7,2;604;;
22,48;-39,9;601;7,5;603;;
22,49;-39;603;8,55;604;;
22,5;-40,2;602;8,55;604;;
22,51;-39,9;601;9;603;;
22,52;-39,3;602;7,2;603;;
22,53;-40,6;602;8,7;603;;
22,54;-39,4;603;10,3;604;;
22,55;-40,5;602;8,85;604;;
22,56;-39,6;602;8,25;603;;
22,57;-39,4;602;10,3;603;;
22,58;-39,6;601;9,45;602;;
22,59;-37,3;601;7,95;603;;
22,6;-40,2;602;8,55;603;;
22,61;-38,5;601;7,5;603;;
22,62;-38,7;601;9,3;603;;
22,63;-38,7;601;9,6;602;;
22,64;-39,4;599;8,1;601;;
22,65;-39,3;601;8,25;603;;
22,66;-38,9;601;9;603;;
22,67;-38,9;600;9,45;601;;
22,68;-40,2;601;8,55;603;;
22,69;-39;601;8,85;602;;
22,7;-39,8;602;10;603;;
22,71;-38,9;600;9;601;;
22,72;-39,3;600;7,95;602;;
22,73;-40,5;601;10;602;;
22,74;-40,2;599;8,55;600;;
22,75;-39,8;600;8,55;602;;
22,76;-39,8;599;8,85;600;;
22,77;-39,6;600;9,45;602;;
22,78;-41,2;601;8,85;603;;
22,79;-38,3;601;8,55;602;;
22,8;-39,4;599;7,35;601;;
22,81;-39;600;9,6;601;;
22,82;-39;599;8,85;600;;
22,83;-39,4;599;7,35;600;;
22,84;-40,9;600;11,1;601;;
22,85;-38,5;600;8,7;601;;
22,86;-39,9;600;7,5;602;;
22,87;-40,4;599;9,45;601;;
22,88;-39;600;8,1;601;;
22,89;-39,4;600;9,3;601;;
22,9;-38,7;599;9,3;600;;
22,91;-39,9;599;8,7;601;;
22,92;-40,5;600;8,55;601;;
22,93;-38,9;600;9;601;;
22,94;-40,2;599;8,85;600;;
22,95;-39;599;9,3;600;;
22,96;-39,9;598;8,7;600;;
22,97;-39;600;8,55;601;;
22,98;-39,6;598;8,25;600;;
22,99;-40,6;601;9,45;602;;
23;-39,4;598;8,55;599;;
23,01;-40,6;600;8,25;601;;
23,02;-39,9;599;9;600;;
23,03;-38,9;599;9;600;;
23,04;-38,9;599;8,25;600;;
23,05;-39,4;599;8,85;600;;
23,06;-39,9;598;9,45;599;;
23,07;-41,1;599;8,7;601;;
23,08;-40,5;599;8,1;600;;
23,09;-39,4;600;8,1;601;;
23,1;-40,5;598;10;600;;
23,11;-40,4;599;7,95;601;;
23,12;-39,4;600;10;602;;
23,13;-39,3;599;8,25;600;;
23,14;-39,8;600;8,55;602;;
23,15;-40,4;600;8,7;601;;
23,16;-39,4;599;9,6;600;;
23,17;-38,7;599;8,1;600;;
23,18;-39;599;8,55;600;;
23,19;-39,4;600;8,1;601;;
23,2;-40,5;599;8,55;601;;
23,21;-39,8;599;10;601;;
23,22;-40,5;599;7,35;601;;
23,23;-39,3;598;7,5;599;;
23,24;-40,4;598;9;599;;
23,25;-41,2;598;8,55;600;;
23,26;-39,6;599;9;600;;
23,27;-39,6;599;8,7;600;;
23,28;-41,2;598;8,85;599;;
23,29;-39,6;598;9;599;;
23,3;-39,9;599;8,25;600;;
23,31;-40,4;599;8,7;601;;
23,32;-38,9;598;8,7;599;;
23,33;-38,9;599;9,75;600;;
23,34;-39,3;599;8,7;601;;
23,35;-39,9;598;8,7;600;;
23,36;-39,9;598;8,7;600;;
23,37;-40,6;598;9,45;600;;
23,38;-40,4;597;9,45;599;;
23,39;-40,5;600;8,55;601;;
23,4;-40,2;598;7,35;599;;
23,41;-39,6;598;7,95;600;;
23,42;-40,2;599;8,85;600;;
23,43;-39,6;599;7,2;600;;
23,44;-39;599;8,85;600;;
23,45;-39,3;599;9,45;600;;
23,46;-39,6;598;8,7;599;;
23,47;-39,8;598;7,8;599;;
23,48;-39,4;600;7,35;601;;
23,49;-39,8;598;8,85;599;;
23,5;-39,9;598;8,25;599;;
23,51;-39,4;600;8,85;601;;
23,52;-39,6;598;7,5;599;;
23,53;-40,5;598;9,3;599;;
23,54;-40,2;599;7,8;600;;
23,55;-40,4;599;8,7;600;;
23,56;-39,9;597;9;599;;
23,57;-39,6;599;7,5;600;;
23,58;-39,9;597;9,75;598;;
23,59;-39,9;598;9;600;;
23,6;-40,5;599;8,55;600;;
23,61;-39,8;597;8,55;598;;
23,62;-39,8;598;8,55;599;;
23,63;-40,4;599;9,75;600;;
23,64;-41,1;597;7,5;598;;
23,65;-40,2;598;8,85;599;;
23,66;-39,6;599;8,7;601;;
23,67;-39,3;598;8,25;599;;
23,68;-39,4;598;9,6;599;;
23,69;-40,9;598;8,55;600;;
23,7;-40,5;599;8,85;600;;
23,71;-39,3;599;8,25;600;;
23,72;-40,6;598;8,7;599;;
23,73;-39,8;598;8,85;599;;
23,74;-39,9;599;7,5;600;;
23,75;-40,2;598;8,85;599;;
23,76;-40,9;599;8,85;600;;
23,77;-39,8;598;9,3;599;;
23,78;-39,6;598;6,75;599;;
23,79;-39,6;597;7,2;599;;
23,8;-39,9;599;10,9;600;;
23,81;-41,1;597;9,75;598;;
23,82;-37,9;599;8,1;600;;
23,83;-39,3;597;8,7;599;;
23,84;-37,9;599;8,85;600;;
23,85;-39,4;599;10;600;;
23,86;-40,5;597;9,6;599;;
23,87;-40,5;599;10,3;600;;
23,88;-40,6;598;9,45;600;;
23,89;-39,3;598;10,5;599;;
23,9;-40,2;599;7,05;601;;
23,91;-41,2;598;8,85;599;;
23,92;-41,1;599;9;600;;
23,93;-39;605;12,9;606;;
23,94;-37,7;611;8,1;612;;
23,95;-37,3;610;6,75;612;;
23,96;-39,4;604;8,85;605;;
23,97;-40,5;603;7,35;605;;
23,98;-39,6;602;9,75;604;;
23,99;-38,5;602;9,45;603;;
24;-37,8;692;11,2;693;;
24,01;-36,6;693;11,2;694;;
24,02;-37,8;692;10,5;693;;
24,03;-37,2;692;10,8;693;;
24,04;-37,8;690;12;691;;
24,05;-36,6;690;9,75;691;;
24,06;-37,3;691;11,7;692;;
24,07;-37,2;689;11,8;690;;
24,08;-36,3;695;11,7;696;;
24,09;-37,2;697;10,8;699;;
24,1;-36,1;697;12,1;698;;
24,11;-36,1;696;10,8;697;;
24,12;-36,1;694;11,8;695;;
24,13;-38,7;692;11,1;693;;
24,14;-37,2;693;10,3;694;;
24,15;-37,7;694;10;695;;
24,16;-37,7;692;10,8;694;;
24,17;-38,1;692;10,2;693;;
24,18;-37,7;693;11,5;694;;
24,19;-38,5;692;11,2;693;;
24,2;-38,7;692;10,3;694;;
24,21;-38,3;692;10,3;694;;
24,22;-37,2;692;12,1;693;;
24,23;-36,4;691;9,6;692;;
24,24;-37,7;692;10;693;;
24,25;-37,2;691;10,3;692;;
24,26;-37,3;692;10,9;693;;
24,27;-37;693;9,45;694;;
24,28;-38,5;692;10,2;693;;
24,29;-37,8;691;11,2;692;;
24,3;-37,3;689;11,2;690;;
24,31;-38,5;691;10,5;693;;
24,32;-36,4;692;11,8;693;;
24,33;-37,2;693;11,5;694;;
24,34;-36,9;693;11,1;694;;
24,35;-37,7;693;10,3;695;;
24,36;-37,8;693;10,9;694;;
24,37;-37,9;692;10,8;694;;
24,38;-38,1;692;12,5;693;;
24,39;-37,2;694;10;695;;
24,4;-38,1;691;10,9;692;;
24,41;-37,7;693;10,3;694;;
24,42;-36,6;691;11,7;693;;
24,43;-37,7;692;11,1;693;;
24,44;-37,3;691;11,7;692;;
24,45;-37,7;692;12,1;693;;
24,46;-36,6;690;9,75;691;;
24,47;-37,8;692;10,2;693;;
24,48;-37,9;691;12,6;693;;
24,49;-37,8;691;11,2;693;;
24,5;-37,9;692;12,6;693;;
24,51;-39;690;10;691;;
24,52;-38,7;691;12,1;693;;
24,53;-37,7;692;11,1;694;;
24,54;-38,3;690;11,8;691;;
24,55;-39,3;692;10,2;693;;
24,56;-36,4;691;11,5;692;;
24,57;-36,6;691;12;692;;
24,58;-37,9;691;11,1;692;;
24,59;-37;690;11,2;691;;
24,6;-37,9;690;12,9;691;;
24,61;-39,4;691;12,6;692;;
24,62;-36,9;691;11,5;692;;
24,63;-37,3;691;10,5;692;;
24,64;-36,1;689;12,1;690;;
24,65;-37,7;691;11,1;692;;
24,66;-37,8;690;10,9;691;;
24,67;-37,2;690;11,1;691;;
24,68;-38,1;693;12;694;;
24,69;-37,3;690;9,45;691;;
24,7;-37,9;692;10,3;690;;
24,71;-37,7;691;10;692;;
24,72;-36,3;690;10,9;691;;
24,73;-36,3;690;10,9;691;;
24,74;-36,6;691;11,2;692;;
24,75;-36,6;689;9,75;690;;
24,76;-37,2;690;12,1;691;;
24,77;-38,1;690;10,5;691;;
24,78;-37,7;691;11,1;692;;
24,79;-38,7;689;11,5;690;;
24,8;-36,6;691;9,75;692;;
24,81;-37,7;688;11,5;689;;
24,82;-37,8;690;11,2;692;;
24,83;-37,3;690;9,75;691;;
24,84;-37;691;12,5;692;;
24,85;-39,8;689;11,1;690;;
24,86;-36,9;691;10,8;692;;
24,87;-37,2;688;10,3;689;;
24,88;-37,2;688;10,3;689;;
24,89;-37,3;689;10,9;690;;
24,9;-39,3;689;9,75;690;;
24,91;-39,6;689;10,9;690;;
24,92;-36,3;690;10,9;691;;
24,93;-38,1;689;10,5;690;;
24,94;-38,1;689;11,7;690;;
24,95;-37,2;688;11,5;689;;
24,96;-36,6;690;11,2;691;;
24,97;-38,1;689;10,5;690;;
24,98;-37;690;10,5;691;;
24,99;-38,3;689;9,3;690;;
25;-37;688;12;689;;
25,01;-38,1;689;10,9;690;;
25,02;-37,3;688;12,5;689;;
25,03;-37,7;689;10,8;690;;
25,04;-36,6;689;10,2;690;;
25,05;-37,9;689;11,5;690;;
25,06;-37,3;691;13,5;692;;
25,07;-37,8;688;10,9;689;;
25,08;-38,5;689;10,5;690;;
25,09;-37,9;689;11,1;690;;
25,1;-37,8;688;10,9;689;;
25,11;-37,7;690;9,3;691;;
25,12;-38,7;691;11,1;693;;
25,13;-37,8;689;10,2;690;;
25,14;-37,3;689;10,9;690;;
25,15;-38,3;689;11,1;690;;
25,16;-37,2;688;11,1;689;;
25,17;-38,3;690;11,8;691;;
25,18;-36,4;690;11,5;691;;
25,19;-37,7;689;11,1;690;;
25,2;-37,9;691;10,3;692;;
25,21;-37,7;688;10;689;;
25,22;-38,7;689;11,1;690;;
25,23;-36,9;688;10,8;689;;
25,24;-38,3;689;10,8;690;;
25,25;-37;688;12;689;;
25,26;-37;688;10,5;689;;
25,27;-37,7;689;11,5;690;;
25,28;-37,7;688;11,5;689;;
25,29;-37,8;689;10,9;690;;
25,3;-39,3;689;10,5;690;;
25,31;-38,3;688;10,3;689;;
25,32;-37,8;688;12;689;;
25,33;-39,4;689;10,3;690;;
25,34;-37,3;688;11,7;689;;
25,35;-38,1;688;12;689;;
25,36;-37,8;690;11,7;691;;
25,37;-36,9;690;11,8;691;;
25,38;-38,7;688;10,3;689;;
25,39;-36,6;690;9,75;691;;
25,4;-38,9;690;11,7;691;;
25,41;-37,3;689;13,2;690;;
25,42;-37,8;688;10,9;689;;
25,43;-38,3;689;11,1;690;;
25,44;-36,3;688;9,45;689;;
25,45;-37,2;689;12,1;690;;
25,46;-37,7;688;11,1;689;;
25,47;-37,3;689;12,5;690;;
25,48;-38,5;688;12,5;689;;
25,49;-38,3;687;11,1;688;;
25,5;-38,1;689;10,2;690;;
25,51;-37,9;688;11,1;689;;
25,52;-37,8;689;11,7;690;;
25,53;-37;688;10,9;689;;
25,54;-36,9;690;12,1;691;;
25,55;-38,3;688;11,5;690;;
25,56;-37,7;689;11,8;690;;
25,57;-38,9;689;11,7;690;;
25,58;-37,7;688;12,1;689;;
25,59;-35,5;696;14,2;697;;
25,6;-36;705;10,9;706;;
25,61;-36;707;10,5;708;;
25,62;-36,4;704;10,3;705;;
25,63;-36;702;11,2;703;;
25,64;-35,7;701;8,55;700;;
25,65;-37;696;11,7;697;;
25,66;-37;695;11,7;696;;
25,67;-36,3;692;10,9;693;;
25,68;-38,7;692;9,6;694;;
25,69;-38,1;691;10,9;692;;
25,7;-38,5;691;11,2;692;;
25,71;-37,8;690;10,9;691;;
25,72;-37,8;694;10,5;695;;
25,73;-36,3;691;12,5;693;;
25,74;-37,8;692;11,7;693;;
25,75;-39,4;691;10,3;692;;
25,76;-35,7;690;11,5;691;;
25,77;-37,7;690;11,5;691;;
25,78;-37,2;691;11,5;692;;
25,79;-37,7;690;11,8;691;;
25,8;-36,9;691;11,5;692;;
25,81;-38,3;691;11,1;692;;
25,82;-39,3;690;11,2;690;;
25,83;-38,5;689;11,7;690;;
25,84;-37,3;690;10,5;692;;
25,85;-37,8;690;11,7;691;;
25,86;-37,7;690;10;691;;
25,87;-38,3;690;11,8;691;;
25,88;-38,1;692;9,45;693;;
25,89;-37;690;11,7;692;;
25,9;-38,9;691;11,2;693;;
25,91;-36,4;690;10;691;;
25,92;-37;690;10,5;691;;
25,93;-38,3;689;11,8;690;;
25,94;-37;690;10,2;691;;
25,95;-36,9;690;10,8;691;;
25,96;-38,1;690;10,2;691;;
25,97;-37,7;690;10,8;691;;
25,98;-38,7;689;11,1;690;;
25,99;-38,1;690;11,7;691;;
26;-37,7;690;12,1;691;;
26,01;-37,9;690;10,8;691;;
26,02;-37;690;9,45;692;;
26,03;-36,6;690;11,2;691;;
26,04;-37,9;690;10,3;691;;
26,05;-38,7;690;11,8;691;;
26,06;-36,1;690;11,5;691;;
26,07;-36,1;689;11,5;690;;
26,08;-37,8;690;10,5;692;;
26,09;-37,3;690;10,5;691;;
26,1;-37,9;691;10,8;692;;
26,11;-37,2;689;10;690;;
26,12;-36,6;690;10,9;691;;
26,13;-37;690;11,7;691;;
26,14;-38,3;689;10,3;690;;
26,15;-37,7;689;11,5;690;;
26,16;-38,3;690;9,6;691;;
26,17;-37,2;689;11,1;690;;
26,18;-38,1;689;9,75;690;;
26,19;-37,9;688;11,1;689;;
26,2;-39,3;690;10,5;692;;
26,21;-37,3;687;11,7;689;;
26,22;-36,4;691;11,1;692;;
26,23;-37,7;691;10,3;692;;
26,24;-39;690;11,5;691;;
26,25;-37,9;689;12,1;690;;
26,26;-38,3;690;10,3;691;;
26,27;-38,1;690;12,5;691;;
26,28;-38,5;689;11,2;690;;
26,29;-37,7;690;10,8;691;;
26,3;-38,3;688;9,3;689;;
26,31;-39,3;690;11,2;691;;
26,32;-37,2;689;11,1;690;;
26,33;-37;688;10,9;689;;
26,34;-38,7;689;11,8;690;;
26,35;-37;688;11,2;689;;
26,36;-36,4;690;10,8;691;;
26,37;-37,3;689;11,7;690;;
26,38;-38,7;689;11,5;690;;
26,39;-38,3;690;11,1;691;;
26,4;-37,7;690;10,3;691;;
26,41;-38,1;690;11,2;691;;
26,42;-35,4;689;10,3;690;;
26,43;-38,5;689;11,7;690;;
26,44;-37,2;688;10,3;689;;
26,45;-37,3;689;11,2;690;;
26,46;-38,5;689;11,7;690;;
26,47;-38,5;690;9,75;691;;
26,48;-37,8;689;10,5;690;;
26,49;-36,6;689;12;690;;
26,5;-37,9;689;11,1;690;;
26,51;-37,8;690;10,2;691;;
26,52;-38,5;689;12;690;;
26,53;-38,1;690;10,2;691;;
26,54;-38,5;688;11,2;689;;
26,55;-37,8;689;10,9;690;;
26,56;-37;688;10,9;689;;
26,57;-38,3;688;11,8;690;;
26,58;-36,9;690;11,1;691;;
26,59;-36,9;689;11,5;690;;
26,6;-36,9;690;11,8;691;;
26,61;-37,9;690;11,1;691;;
26,62;-37,7;688;11,8;689;;
26,63;-37,2;689;12,1;690;;
26,64;-37;687;11,7;689;;
26,65;-37;689;10,9;690;;
26,66;-38,1;688;12,7;689;;
26,67;-38,9;689;11,2;690;;
26,68;-36,4;689;11,8;690;;
26,69;-37,8;691;10,5;692;;
26,7;-37;689;12;690;;
26,71;-36,4;691;11,5;692;;
26,72;-37,2;691;11,1;692;;
26,73;-37,7;691;9,3;692;;
26,74;-37,7;691;11,1;692;;
26,75;-38,3;689;10;690;;
26,76;-37,9;690;11,5;691;;
26,77;-36,4;690;10,8;691;;
26,78;-37,2;689;10,8;690;;
26,79;-38,5;690;11,2;691;;
26,8;-37;689;12,5;690;;
26,81;-37,3;689;10,2;690;;
26,82;-37,8;689;12,7;690;;
26,83;-37,8;689;11,2;690;;
26,84;-36,6;689;10,5;690;;
26,85;-38,3;690;11,1;691;;
26,86;-37,9;690;12,1;691;;
26,87;-38,3;690;10,3;691;;
26,88;-37,2;689;11,8;690;;
26,89;-38,9;689;10,5;690;;
26,9;-37,8;690;10,9;691;;
26,91;-36,4;688;11,1;689;;
26,92;-36,4;688;11,8;689;;
26,93;-38,7;688;10,8;689;;
26,94;-37,3;688;10,9;689;;
26,95;-37,2;689;11,5;690;;
26,96;-37,3;688;11,7;689;;
26,97;-39;689;11,1;690;;
26,98;-36,6;688;12;689;;
26,99;-39;689;9,6;690;;
27;-38,7;691;11,1;692;;
