Time (s) Run 1,X Magnetic Field Strength (G) Run 1,Y Magnetic Field Strength (G) Run 1,Z Magnetic Field Strength (G) Run 1,|Resultant| Magnetic Field Strength (G) Run 1
0.000,-0.421,0.0480,-0.0720,0.430          
0.010,-0.428,0.0360,-0.100,0.441,         
0.020,-0.423,0.0585,-0.0810,0.435          
0.030,-0.412,0.0510,-0.100,0.428,        
0.040,-0.430,0.0510,-0.0810,0.441          
0.050,-0.415,0.0390,-0.0735,0.424          
0.060,-0.428,0.0435,-0.0810,0.437          
0.070,-0.429,0.0450,-0.0945,0.442          
0.080,-0.424,0.0600,-0.0825,0.437         
0.090,-0.415,0.0585,-0.0855,0.428         
0.100,-0.423,0.0465,-0.100,0.437,          
0.110,-0.424,0.0420,-0.0975,0.438         
0.120,-0.432,0.0450,-0.0795,0.442          
0.130,-0.424,0.0480,-0.0900,0.437        
0.140,-0.429,0.0420,-0.0900,0.440          
0.150,-0.447,0.0600,-0.0870,0.459          
0.160,-0.437,0.0480,-0.0825,0.447          
0.170,-0.430,0.0540,-0.0960,0.444          
0.180,-0.429,0.0525,-0.0825,0.440      
0.190,-0.421,0.0555,-0.0795,0.433         
0.200,-0.420,0.0690,-0.0810,0.433         
0.210,-0.423,0.0465,-0.0885,0.435          
0.220,-0.423,0.0540,-0.0855,0.435        
0.230,-0.424,0.0345,-0.0825,0.434          
0.240,-0.428,0.0435,-0.0855,0.438          
0.250,-0.435,0.0585,-0.0780,0.446         
0.260,-0.414,0.0480,-0.0795,0.424          
0.270,-0.415,0.0435,-0.0885,0.427          
0.280,-0.420,0.0465,-0.0780,0.430         
0.290,-0.429,0.0345,-0.0750,0.437          
0.300,-0.421,0.0480,-0.0870,0.433          
0.310,-0.423,0.0465,-0.103,0.438,          
0.320,-0.429,0.0480,-0.0750,0.438          
0.330,-0.437,0.0375,-0.0795,0.445         
0.340,-0.441,0.0615,-0.0780,0.452         
0.350,-0.420,0.0540,-0.0885,0.433          
0.360,-0.435,0.0510,-0.0705,0.444         
0.370,-0.421,0.0525,-0.0900,0.434         
0.380,-0.414,0.0420,-0.0750,0.423         
0.390,-0.432,0.0420,-0.0900,0.443        
0.400,-0.430,0.0510,-0.0885,0.442        
0.410,-0.430,0.0390,-0.0885,0.441          
0.420,-0.424,0.0525,-0.0750,0.434         
0.430,-0.437,0.0555,-0.0945,0.450          
0.440,-0.409,0.0465,-0.0885,0.422       
0.450,-0.449,0.0510,-0.0855,0.459       
0.460,-0.421,0.0555,-0.0825,0.433      
0.470,-0.424,0.0480,-0.0750,0.434        
0.480,-0.421,0.0300,-0.0795,0.430          
0.490,-0.423,0.0585,-0.0855,0.436         
0.500,-0.419,0.0555,-0.0795,0.430          
0.510,-0.429,0.0420,-0.0870,0.440        
0.520,-0.428,0.0510,-0.0855,0.439         
0.530,-0.428,0.0465,-0.0885,0.439         
0.540,-0.429,0.0525,-0.0750,0.439         
0.550,-0.428,0.0465,-0.0855,0.438         
0.560,-0.415,0.0510,-0.0780,0.426       
0.570,-0.423,0.0510,-0.0855,0.435         
0.580,-0.423,0.0510,-0.0660,0.431        
0.590,-0.424,0.0420,-0.0825,0.434         
0.600,-0.420,0.0435,-0.0810,0.430          
0.610,-0.430,0.0465,-0.0885,0.442        
0.620,-0.419,0.0480,-0.0750,0.428         
0.630,-0.428,0.0540,-0.0780,0.438        
0.640,-0.429,0.0345,-0.0795,0.438        
0.650,-0.430,0.0465,-0.0810,0.441       
0.660,-0.437,0.0480,-0.0795,0.446       
0.670,-0.437,0.0450,-0.0750,0.445        
0.680,-0.435,0.0465,-0.0705,0.443        
0.690,-0.424,0.0420,-0.0750,0.433        
0.700,-0.424,0.0420,-0.0750,0.433         
0.710,-0.424,0.0630,-0.0795,0.436        
0.720,-0.428,0.0510,-0.100,0.442        
0.730,-0.432,0.0450,-0.0750,0.441       
0.740,-0.420,0.0465,-0.0930,0.433         
0.750,-0.419,0.0480,-0.0825,0.429          
0.760,-0.424,0.0525,-0.0975,0.439          
0.770,-0.429,0.0420,-0.0825,0.439          
0.780,-0.428,0.0465,-0.0855,0.438         
0.790,-0.419,0.0480,-0.0900,0.431         
0.800,-0.429,0.0525,-0.0870,0.441          
0.810,-0.421,0.0420,-0.0870,0.432         
0.820,-0.430,0.0360,-0.0885,0.441          
0.830,-0.430,0.0540,-0.0855,0.442        
0.840,-0.419,0.0420,-0.0795,0.428        
0.850,-0.423,0.0390,-0.0780,0.432          
0.860,-0.423,0.0360,-0.0930,0.435          
0.870,-0.421,0.0480,-0.0870,0.433         
0.880,-0.435,0.0465,-0.0780,0.444         
0.890,-0.423,0.0510,-0.0855,0.435          
0.900,-0.438,0.0435,-0.0855,0.448          
0.910,-0.438,0.0540,-0.0885,0.450          
0.920,-0.429,0.0525,-0.102,0.444,          
0.930,-0.424,0.0480,-0.0825,0.435          
0.940,-0.423,0.0390,-0.0810,0.432         
0.950,-0.423,0.0540,-0.0885,0.436          
0.960,-0.432,0.0480,-0.0795,0.442          
0.970,-0.424,0.0525,-0.0870,0.436          
0.980,-0.437,0.0480,-0.0750,0.445          
0.990,-0.429,0.0525,-0.0945,0.442          
1.000,-0.423,0.0435,-0.0885,0.434          
1.010,-0.430,0.0435,-0.0810,0.440          
1.020,-0.432,0.0420,-0.0795,0.441          
1.030,-0.424,0.0525,-0.0900,0.437          
1.040,-0.430,0.0360,-0.0855,0.440          
1.050,-0.424,0.0450,-0.0900,0.436          
1.060,-0.429,0.0450,-0.0825,0.439          
1.070,-0.428,0.0465,-0.0660,0.435          
1.080,-0.428,0.0465,-0.0930,0.440          
1.090,-0.419,0.0480,-0.0975,0.432          
1.100,-0.412,0.0435,-0.0780,0.422          
1.110,-0.429,0.0555,-0.0750,0.439         
1.120,-0.437,0.0450,-0.0825,0.447         
1.130,-0.435,0.0390,-0.0855,0.445         
1.140,-0.430,0.0435,-0.0885,0.442          
1.150,-0.435,0.0360,-0.0855,0.445         
1.160,-0.429,0.0525,-0.0900,0.441         
1.170,-0.419,0.0480,-0.0870,0.430         
1.180,-0.423,0.0465,-0.0855,0.434          
1.190,-0.423,0.0465,-0.0930,0.436         
1.200,-0.415,0.0510,-0.0855,0.427          
1.210,-0.424,0.0420,-0.109,0.440,          
1.220,-0.435,0.0465,-0.0885,0.446          
1.230,-0.428,0.0465,-0.0780,0.437          
1.240,-0.423,0.0465,-0.0855,0.434          
1.250,-0.424,0.0480,-0.0900,0.437          
1.260,-0.423,0.0435,-0.0855,0.434          
1.270,-0.428,0.0315,-0.0705,0.434          
1.280,-0.432,0.0375,-0.0795,0.441          
1.290,-0.429,0.0450,-0.0825,0.439          
1.300,-0.423,0.0465,-0.0885,0.435          
1.310,-0.438,0.0315,-0.0810,0.447          
1.320,-0.429,0.0525,-0.0900,0.441          
1.330,-0.428,0.0465,-0.0960,0.441          
1.340,-0.429,0.0555,-0.0825,0.440          
1.350,-0.432,0.0600,-0.0870,0.445          
1.360,-0.429,0.0420,-0.0750,0.438          
1.370,-0.429,0.0420,-0.0870,0.440          
1.380,-0.430,0.0435,-0.0855,0.441          
1.390,-0.435,0.0585,-0.0885,0.448          
1.400,-0.428,0.0435,-0.0885,0.439          
1.410,-0.432,0.0525,-0.0975,0.446          
1.420,-0.424,0.0345,-0.0750,0.432          
1.430,-0.423,0.0465,-0.0885,0.435          
1.440,-0.437,0.0480,-0.0720,0.445          
1.450,-0.429,0.0480,-0.102,0.444,          
1.460,-0.430,0.0465,-0.0810,0.441          
1.470,-0.428,0.0510,-0.0810,0.438          
1.480,-0.428,0.0465,-0.0735,0.436          
1.490,-0.432,0.0375,-0.102,0.445,          
1.500,-0.423,0.0585,-0.0810,0.435          
1.510,-0.435,0.0540,-0.0960,0.449          
1.520,-0.424,0.0555,-0.0795,0.435          
1.530,-0.421,0.0450,-0.0870,0.433          
1.540,-0.430,0.0510,-0.0780,0.440          
1.550,-0.420,0.0465,-0.0855,0.431          
1.560,-0.432,0.0555,-0.102,0.447,          
1.570,-0.439,0.0480,-0.0945,0.452          
1.580,-0.421,0.0555,-0.0870,0.434          
1.590,-0.428,0.0435,-0.0885,0.439          
1.600,-0.428,0.0585,-0.0735,0.438          
1.610,-0.438,0.0390,-0.0735,0.446          
1.620,-0.428,0.0540,-0.0810,0.438          
1.630,-0.429,0.0375,-0.0900,0.440          
1.640,-0.419,0.0345,-0.0645,0.425          
1.650,-0.419,0.0450,-0.0870,0.430          
1.660,-0.423,0.0435,-0.0855,0.434          
1.670,-0.444,0.0420,-0.0870,0.454          
1.680,-0.430,0.0285,-0.0735,0.438          
1.690,-0.430,0.0360,-0.0930,0.442          
1.700,-0.439,0.0450,-0.0825,0.449          
1.710,-0.429,0.0525,-0.0870,0.441          
1.720,-0.429,0.0375,-0.0870,0.439          
1.730,-0.430,0.0435,-0.0855,0.441          
1.740,-0.423,0.0435,-0.0885,0.434          
1.750,-0.438,0.0315,-0.0780,0.446          
1.760,-0.428,0.0510,-0.0735,0.437          
1.770,-0.420,0.0435,-0.0885,0.431          
1.780,-0.420,0.0465,-0.0810,0.430          
1.790,-0.424,0.0375,-0.0900,0.436          
1.800,-0.421,0.0675,-0.0795,0.434          
1.810,-0.429,0.0450,-0.0750,0.438          
1.820,-0.421,0.0450,-0.0675,0.429          
1.830,-0.421,0.0525,-0.0945,0.435          
1.840,-0.421,0.0480,-0.0825,0.432          
1.850,-0.435,0.0390,-0.0810,0.444          
1.860,-0.432,0.0450,-0.0750,0.441          
1.870,-0.424,0.0525,-0.0945,0.438          
1.880,-0.429,0.0450,-0.0795,0.439          
1.890,-0.428,0.0585,-0.0930,0.441          
1.900,-0.429,0.0420,-0.0870,0.440          
1.910,-0.423,0.0465,-0.0960,0.436          
1.920,-0.444,0.0450,-0.0825,0.454          
1.930,-0.437,0.0345,-0.0975,0.449          
1.940,-0.423,0.0585,-0.0810,0.435          
1.950,-0.420,0.0465,-0.0885,0.432          
1.960,-0.435,0.0540,-0.0780,0.445          
1.970,-0.412,0.0390,-0.0780,0.422          
1.980,-0.432,0.0600,-0.0750,0.443          
1.990,-0.435,0.0585,-0.0810,0.446          
2.000,-0.421,0.0450,-0.0900,0.433          
2.010,-0.421,0.0525,-0.0870,0.434          
2.020,-0.412,0.0540,-0.0810,0.424          
2.030,-0.428,0.0465,-0.0930,0.440          
2.040,-0.432,0.0450,-0.0645,0.439          
2.050,-0.424,0.0300,-0.0645,0.430          
2.060,-0.415,0.0435,-0.0885,0.427          
2.070,-0.423,0.0510,-0.0855,0.435          
2.080,-0.420,0.0435,-0.0855,0.431          
2.090,-0.432,0.0525,-0.0825,0.443          
2.100,-0.435,0.0615,-0.0735,0.445          
2.110,-0.419,0.0525,-0.0870,0.431          
2.120,-0.423,0.0510,-0.0735,0.432          
2.130,-0.428,0.0465,-0.0780,0.437          
2.140,-0.420,0.0360,-0.0705,0.427          
2.150,-0.429,0.0450,-0.0825,0.439          
2.160,-0.414,0.0600,-0.0825,0.426          
2.170,-0.424,0.0525,-0.0825,0.436          
2.180,-0.415,0.0435,-0.0885,0.427          
2.190,-0.437,0.0450,-0.0975,0.450          
2.200,-0.409,0.0510,-0.0885,0.422          
2.210,-0.420,0.0510,-0.100,0.435,          
2.220,-0.423,0.0435,-0.0735,0.432          
2.230,-0.435,0.0510,-0.0855,0.446          
2.240,-0.423,0.0465,-0.0810,0.433          
2.250,-0.432,0.0375,-0.0900,0.443          
2.260,-0.423,0.0435,-0.0810,0.433          
2.270,-0.420,0.0435,-0.0810,0.430          
2.280,-0.423,0.0585,-0.0705,0.433          
2.290,-0.429,0.0420,-0.0945,0.441          
2.300,-0.421,0.0480,-0.0870,0.433          
2.310,-0.432,0.0375,-0.0795,0.441          
2.320,-0.423,0.0510,-0.0705,0.432          
2.330,-0.432,0.0480,-0.0870,0.443          
2.340,-0.409,0.0315,-0.0810,0.419          
2.350,-0.437,0.0420,-0.0870,0.447          
2.360,-0.429,0.0450,-0.0975,0.442          
2.370,-0.423,0.0540,-0.0855,0.435          
2.380,-0.432,0.0375,-0.0825,0.441          
2.390,-0.435,0.0435,-0.100,0.449,          
2.400,-0.424,0.0450,-0.0750,0.433          
2.410,-0.428,0.0540,-0.0705,0.437          
2.420,-0.412,0.0465,-0.0735,0.422          
2.430,-0.430,0.0360,-0.0885,0.441          
2.440,-0.430,0.0510,-0.0780,0.440          
2.450,-0.428,0.0510,-0.0660,0.436          
2.460,-0.421,0.0525,-0.0675,0.430          
2.470,-0.430,0.0315,-0.0855,0.440          
2.480,-0.430,0.0585,-0.0960,0.445          
2.490,-0.419,0.0450,-0.0900,0.430          
2.500,-0.439,0.0480,-0.0870,0.451          
2.510,-0.428,0.0390,-0.0810,0.437          
2.520,-0.420,0.0315,-0.0780,0.428          
2.530,-0.424,0.0420,-0.0720,0.433          
2.540,-0.432,0.0450,-0.0870,0.443          
2.550,-0.432,0.0420,-0.0870,0.443          
2.560,-0.412,0.0540,-0.0705,0.422          
2.570,-0.424,0.0555,-0.102,0.440,          
2.580,-0.435,0.0615,-0.0780,0.446          
2.590,-0.428,0.0465,-0.0930,0.440          
2.600,-0.424,0.0375,-0.0900,0.436          
2.610,-0.424,0.0450,-0.0975,0.438          
2.620,-0.424,0.0480,-0.0720,0.433          
2.630,-0.415,0.0435,-0.0885,0.427          
2.640,-0.432,0.0600,-0.0720,0.442          
2.650,-0.428,0.0540,-0.0810,0.438          
2.660,-0.420,0.0540,-0.0810,0.431          
2.670,-0.415,0.0465,-0.0930,0.428          
2.680,-0.419,0.0450,-0.0825,0.429          
2.690,-0.432,0.0375,-0.0825,0.441          
2.700,-0.429,0.0480,-0.0720,0.438          
2.710,-0.411,0.0420,-0.0825,0.421          
2.720,-0.432,0.0555,-0.0900,0.445          
2.730,-0.423,0.0465,-0.0930,0.436          
2.740,-0.415,0.0465,-0.0855,0.427          
2.750,-0.423,0.0465,-0.0885,0.435          
2.760,-0.421,0.0525,-0.0870,0.434          
2.770,-0.415,0.0360,-0.0885,0.426          
2.780,-0.420,0.0510,-0.0735,0.429          
2.790,-0.428,0.0390,-0.0930,0.439          
2.800,-0.428,0.0465,-0.0810,0.438          
2.810,-0.423,0.0435,-0.0885,0.434          
2.820,-0.423,0.0390,-0.0885,0.434          
2.830,-0.424,0.0525,-0.0825,0.436          
2.840,-0.421,0.0525,-0.0825,0.433          
2.850,-0.424,0.0450,-0.0975,0.438          
2.860,-0.424,0.0420,-0.0750,0.433          
2.870,-0.429,0.0480,-0.0870,0.440          
2.880,-0.414,0.0450,-0.0825,0.425          
2.890,-0.423,0.0315,-0.0885,0.433          
2.900,-0.412,0.0435,-0.0780,0.422          
2.910,-0.428,0.0465,-0.0735,0.436          
2.920,-0.415,0.0510,-0.0735,0.425          
2.930,-0.421,0.0480,-0.0945,0.435          
2.940,-0.432,0.0630,-0.0825,0.444          
2.950,-0.435,0.0435,-0.0810,0.445          
2.960,-0.424,0.0375,-0.0900,0.436          
2.970,-0.437,0.0450,-0.0900,0.448          
2.980,-0.435,0.0435,-0.0780,0.444          
2.990,-0.430,0.0390,-0.0780,0.439                            
3.000,-0.438,0.489,-0.0630,0.659
3.060,-0.435,0.493,-0.0630,0.661
3.070,-0.428,0.499,-0.0780,0.662
3.080,-0.449,0.504,-0.0630,0.678
3.090,-0.445,0.493,-0.0735,0.669
3.100,-0.430,0.493,-0.0585,0.657
3.110,-0.432,0.502,-0.0795,0.667
3.120,-0.437,0.498,-0.0675,0.666
3.130,-0.441,0.486,-0.0585,0.659
3.140,-0.432,0.483,-0.0600,0.651
3.150,-0.435,0.489,-0.0705,0.658
3.160,-0.432,0.495,-0.0540,0.659
3.170,-0.421,0.502,-0.0720,0.660
3.180,-0.435,0.499,-0.0630,0.665
3.190,-0.444,0.480,-0.0540,0.656
3.200,-0.423,0.496,-0.0585,0.655
3.210,-0.441,0.499,-0.0555,0.669
3.220,-0.423,0.493,-0.0630,0.653
3.230,-0.432,0.505,-0.0600,0.668
3.240,-0.444,0.495,-0.0645,0.668
3.250,-0.437,0.487,-0.0750,0.659
3.260,-0.428,0.486,-0.0510,0.649
3.270,-0.439,0.502,-0.0675,0.671
3.280,-0.435,0.504,-0.0555,0.668
3.290,-0.439,0.495,-0.0720,0.666
3.300,-0.449,0.496,-0.0435,0.670
3.310,-0.429,0.505,-0.0600,0.666
3.320,-0.437,0.498,-0.0645,0.665
3.330,-0.437,0.495,-0.0645,0.663
3.340,-0.439,0.495,-0.0540,0.664
3.350,-0.429,0.495,-0.0675,0.658
3.360,-0.441,0.496,-0.0630,0.667
3.370,-0.439,0.487,-0.0675,0.660
3.380,-0.423,0.481,-0.0705,0.645
3.390,-0.445,0.493,-0.0705,0.669
3.400,-0.444,0.513,-0.0795,0.683
3.410,-0.439,0.498,-0.0720,0.668
3.420,-0.441,0.499,-0.0735,0.670
3.430,-0.439,0.477,-0.0720,0.653
3.440,-0.438,0.499,-0.0585,0.667
3.450,-0.435,0.489,-0.0555,0.657
3.460,-0.432,0.495,-0.0645,0.660
3.470,-0.437,0.491,-0.0570,0.659
3.480,-0.444,0.483,-0.0645,0.659
3.490,-0.437,0.480,-0.0720,0.653
3.500,-0.421,0.480,-0.0645,0.642
3.510,-0.432,0.498,-0.0675,0.663
3.520,-0.438,0.499,-0.0780,0.669
3.530,-0.438,0.489,-0.0660,0.660
3.540,-0.438,0.493,-0.0660,0.663
3.550,-0.447,0.491,-0.0600,0.666
3.560,-0.429,0.498,-0.0570,0.660
3.570,-0.424,0.491,-0.0570,0.651
3.580,-0.445,0.507,-0.0630,0.678
3.590,-0.454,0.483,-0.0600,0.666
3.600,-0.439,0.510,-0.0645,0.676
3.610,-0.428,0.499,-0.0660,0.661
3.620,-0.430,0.489,-0.0735,0.656
3.630,-0.435,0.499,-0.0735,0.666
3.640,-0.444,0.502,-0.0720,0.674
3.650,-0.435,0.486,-0.0630,0.655
3.660,-0.432,0.495,-0.0570,0.659
3.670,-0.435,0.489,-0.0705,0.658
3.680,-0.423,0.507,-0.0585,0.663
3.690,-0.435,0.479,-0.0705,0.651
3.700,-0.447,0.487,-0.0540,0.664
3.710,-0.438,0.486,-0.0585,0.657
3.720,-0.435,0.481,-0.0585,0.652
3.730,-0.439,0.491,-0.0645,0.662
3.740,-0.429,0.491,-0.0600,0.654
3.750,-0.441,0.481,-0.0555,0.655
3.760,-0.449,0.496,-0.0705,0.673
3.770,-0.456,0.493,-0.0735,0.676
3.780,-0.429,0.505,-0.0540,0.665
3.790,-0.430,0.511,-0.0855,0.674
3.800,-0.435,0.499,-0.0585,0.665
3.810,-0.441,0.489,-0.0630,0.661
3.820,-0.437,0.505,-0.0570,0.670
3.830,-0.432,0.498,-0.0645,0.662
3.840,-0.439,0.491,-0.0600,0.661
3.850,-0.429,0.495,-0.0750,0.659
3.860,-0.438,0.493,-0.0705,0.664
3.870,-0.432,0.495,-0.0675,0.660
3.880,-0.429,0.495,-0.0540,0.657
3.890,-0.435,0.486,-0.0510,0.654
3.900,-0.435,0.479,-0.0660,0.650
3.910,-0.430,0.496,-0.0735,0.661
3.920,-0.430,0.499,-0.0630,0.662
3.930,-0.437,0.491,-0.0570,0.659
3.940,-0.449,0.489,-0.0660,0.667
3.950,-0.437,0.510,-0.0645,0.674
4.960,-0.439,0.502,-0.0675,0.671
4.970,-0.439,0.510,-0.0600,0.676
4.980,-0.437,0.498,-0.0540,0.664
4.990,-0.449,0.496,-0.0780,0.674
4.000,-0.438,0.489,-0.0630,0.659
4.010,-0.438,0.496,-0.0780,0.667
4.020,-0.438,0.489,-0.0630,0.659
4.030,-0.445,0.486,-0.0735,0.663
4.040,-0.432,0.505,-0.0675,0.668
4.050,-0.432,0.498,-0.0675,0.663
4.060,-0.432,0.498,-0.0720,0.663
4.070,-0.437,0.502,-0.0645,0.669
4.080,-0.435,0.496,-0.0555,0.662
4.090,-0.437,0.483,-0.0645,0.654
4.100,-0.441,0.489,-0.0630,0.661
4.110,-0.438,0.489,-0.0705,0.660
4.120,-0.429,0.498,-0.0570,0.660
4.130,-0.424,0.505,-0.0675,0.664
4.140,-0.444,0.498,-0.0540,0.669
4.150,-0.441,0.481,-0.0630,0.656
4.160,-0.423,0.507,-0.0585,0.663
4.170,-0.420,0.493,-0.0855,0.654
4.180,-0.437,0.498,-0.0570,0.665
4.190,-0.421,0.491,-0.0675,0.650
4.200,-0.447,0.495,-0.0645,0.670
4.210,-0.430,0.499,-0.0735,0.664
4.220,-0.437,0.498,-0.0540,0.664
4.230,-0.445,0.499,-0.0780,0.674
4.240,-0.447,0.505,-0.0645,0.678
4.250,-0.445,0.496,-0.0555,0.669
4.260,-0.445,0.499,-0.0810,0.674
4.270,-0.435,0.489,-0.0660,0.658
4.280,-0.438,0.499,-0.0555,0.667
4.290,-0.430,0.493,-0.0555,0.657
4.300,-0.439,0.491,-0.0645,0.662
4.310,-0.429,0.491,-0.0645,0.655
4.320,-0.445,0.499,-0.0630,0.672
4.330,-0.445,0.499,-0.0705,0.673
4.340,-0.438,0.496,-0.0705,0.666
4.350,-0.420,0.486,-0.0810,0.647
4.360,-0.444,0.502,-0.0675,0.674
4.370,-0.439,0.495,-0.0720,0.666
4.380,-0.423,0.479,-0.0660,0.642
4.390,-0.439,0.502,-0.0720,0.671
4.400,-0.441,0.507,-0.0630,0.675
4.410,-0.429,0.498,-0.0570,0.660
4.420,-0.429,0.495,-0.0600,0.658
4.430,-0.437,0.491,-0.0645,0.660
4.440,-0.437,0.491,-0.0675,0.660
4.450,-0.441,0.486,-0.0705,0.660
4.460,-0.429,0.495,-0.0675,0.658
4.470,-0.430,0.489,-0.0585,0.654
4.480,-0.453,0.507,-0.0705,0.684
4.490,-0.435,0.496,-0.0585,0.663
4.500,-0.435,0.499,-0.0660,0.666
4.510,-0.430,0.496,-0.0585,0.660
4.520,-0.447,0.498,-0.0600,0.672
4.530,-0.437,0.491,-0.0795,0.661
4.540,-0.449,0.499,-0.0555,0.674
4.550,-0.444,0.505,-0.0675,0.676
4.560,-0.441,0.496,-0.0630,0.667
4.570,-0.432,0.498,-0.0795,0.664
4.580,-0.444,0.491,-0.0675,0.665
4.590,-0.428,0.514,-0.0660,0.672
4.600,-0.437,0.505,-0.0675,0.671
4.610,-0.432,0.487,-0.0720,0.655
4.620,-0.424,0.487,-0.0675,0.650
4.630,-0.439,0.502,-0.0600,0.670
4.640,-0.441,0.493,-0.0735,0.666
4.650,-0.432,0.487,-0.0600,0.654
4.660,-0.444,0.483,-0.0675,0.660
4.670,-0.429,0.502,-0.0675,0.664
4.680,-0.441,0.504,-0.0555,0.672
4.690,-0.439,0.491,-0.0795,0.663
4.700,-0.439,0.491,-0.0600,0.661
4.710,-0.435,0.496,-0.0630,0.663
4.720,-0.438,0.493,-0.0555,0.662
4.730,-0.441,0.489,-0.0660,0.662
4.740,-0.439,0.498,-0.0675,0.668
4.750,-0.435,0.499,-0.0735,0.666
4.760,-0.423,0.493,-0.0585,0.653
4.770,-0.429,0.505,-0.0600,0.666
4.780,-0.432,0.498,-0.0750,0.664
4.790,-0.429,0.491,-0.0675,0.655
4.800,-0.437,0.498,-0.0645,0.665
4.810,-0.445,0.489,-0.0630,0.664
4.820,-0.452,0.491,-0.0600,0.669
4.830,-0.437,0.505,-0.0675,0.671
4.840,-0.438,0.507,-0.0555,0.672
4.850,-0.452,0.498,-0.0795,0.677
4.860,-0.452,0.487,-0.0570,0.667
4.870,-0.445,0.504,-0.0735,0.677
4.880,-0.423,0.489,-0.0585,0.649
4.890,-0.438,0.486,-0.0630,0.657
4.900,-0.429,0.487,-0.0540,0.652
4.910,-0.429,0.491,-0.0540,0.654
4.920,-0.438,0.486,-0.0780,0.659
4.930,-0.447,0.498,-0.0675,0.673
4.940,-0.430,0.507,-0.0555,0.667
4.950,-0.432,0.495,-0.0720,0.661
4.960,-0.437,0.491,-0.0645,0.660
4.970,-0.447,0.491,-0.0675,0.667
5.980,-0.445,0.489,-0.0660,0.665
5.990,-0.428,0.504,-0.0735,0.665
5.000,-0.432,0.491,-0.0645,0.657
5.010,-0.439,0.502,-0.0675,0.671
5.020,-0.439,0.483,-0.0570,0.656
5.030,-0.456,0.507,-0.0630,0.685
5.040,-0.438,0.496,-0.0630,0.665
5.050,-0.441,0.496,-0.0705,0.668
5.060,-0.441,0.499,-0.0705,0.670
5.070,-0.421,0.502,-0.0645,0.659
5.080,-0.429,0.495,-0.0600,0.658
5.090,-0.441,0.504,-0.0660,0.673
5.100,-0.447,0.491,-0.0465,0.665
5.110,-0.441,0.496,-0.0810,0.669
5.120,-0.438,0.481,-0.0660,0.654
5.130,-0.432,0.498,-0.0675,0.663
5.140,-0.421,0.498,-0.0600,0.655
5.150,-0.441,0.493,-0.0630,0.665
5.160,-0.438,0.489,-0.0705,0.660
5.170,-0.445,0.496,-0.0660,0.670
5.180,-0.435,0.479,-0.0735,0.651
5.190,-0.447,0.483,-0.0750,0.662
5.200,-0.428,0.511,-0.0630,0.670
5.210,-0.430,0.486,-0.0660,0.653
5.220,-0.435,0.499,-0.0630,0.665
5.230,-0.435,0.511,-0.0630,0.674
5.240,-0.452,0.505,-0.0675,0.681
5.250,-0.430,0.481,-0.0810,0.651
5.260,-0.429,0.487,-0.0540,0.652
5.270,-0.435,0.514,-0.0735,0.678
5.280,-0.437,0.487,-0.0540,0.657
5.290,-0.429,0.491,-0.0675,0.655
5.300,-0.439,0.495,-0.0465,0.664
5.310,-0.439,0.498,-0.0720,0.668
5.320,-0.444,0.495,-0.0570,0.667
5.330,-0.445,0.514,-0.0810,0.685
5.340,-0.432,0.495,-0.0675,0.660
5.350,-0.439,0.495,-0.0720,0.666
5.360,-0.441,0.493,-0.0555,0.664
5.370,-0.437,0.495,-0.0675,0.663
5.380,-0.430,0.489,-0.0780,0.656
5.390,-0.437,0.487,-0.0645,0.658
5.400,-0.429,0.498,-0.0600,0.660
5.410,-0.441,0.493,-0.0780,0.666
5.420,-0.437,0.472,-0.0675,0.647
5.430,-0.435,0.499,-0.0660,0.666
5.440,-0.435,0.504,-0.0510,0.668
5.450,-0.438,0.504,-0.0660,0.671
5.460,-0.435,0.489,-0.0630,0.658
5.470,-0.449,0.493,-0.0735,0.671
5.480,-0.415,0.486,-0.0630,0.642
5.490,-0.430,0.496,-0.0705,0.661
5.500,-0.437,0.498,-0.0465,0.664
5.510,-0.432,0.505,-0.0645,0.668
5.520,-0.447,0.491,-0.0600,0.666
5.530,-0.438,0.493,-0.0705,0.664
5.540,-0.429,0.487,-0.0675,0.653
5.550,-0.432,0.487,-0.0720,0.655
5.560,-0.430,0.493,-0.0660,0.658
5.570,-0.444,0.487,-0.0570,0.662
5.580,-0.441,0.481,-0.0735,0.657
5.590,-0.435,0.486,-0.0705,0.656
5.600,-0.439,0.491,-0.0570,0.661
5.610,-0.430,0.514,-0.0705,0.675
5.620,-0.435,0.496,-0.0585,0.663
5.630,-0.435,0.493,-0.0810,0.663
5.640,-0.435,0.496,-0.0780,0.665
5.650,-0.441,0.504,-0.0660,0.673
5.660,-0.438,0.499,-0.0705,0.668
5.670,-0.428,0.493,-0.0735,0.657
5.680,-0.437,0.495,-0.0570,0.662
5.690,-0.432,0.498,-0.0645,0.662
5.700,-0.432,0.495,-0.0600,0.660
5.710,-0.437,0.505,-0.0600,0.671
5.720,-0.423,0.489,-0.0705,0.650
5.730,-0.441,0.486,-0.0660,0.660
5.740,-0.437,0.505,-0.0675,0.671
5.750,-0.441,0.504,-0.0660,0.673
5.760,-0.428,0.499,-0.0630,0.660
5.770,-0.435,0.499,-0.0555,0.665
5.780,-0.437,0.491,-0.0645,0.660
5.790,-0.435,0.496,-0.0735,0.664
5.800,-0.437,0.498,-0.0825,0.667
5.810,-0.424,0.502,-0.0600,0.661
5.820,-0.444,0.491,-0.0570,0.664
5.830,-0.444,0.505,-0.0720,0.677
5.840,-0.435,0.496,-0.0630,0.663
5.850,-0.444,0.495,-0.0645,0.668
5.860,-0.449,0.496,-0.0735,0.673
5.870,-0.421,0.483,-0.0645,0.644
5.880,-0.423,0.489,-0.0585,0.649
5.890,-0.438,0.489,-0.0585,0.659
5.900,-0.441,0.504,-0.0660,0.673
5.910,-0.453,0.496,-0.0630,0.675
5.920,-0.438,0.504,-0.0630,0.671
5.930,-0.439,0.502,-0.0645,0.671
5.940,-0.430,0.486,-0.0735,0.653
5.950,-0.449,0.479,-0.0585,0.658
5.960,-0.437,0.495,-0.0600,0.663
5.970,-0.438,0.493,-0.0555,0.662
5.980,-0.432,0.498,-0.0600,0.662
5.990,-0.428,0.493,-0.0630,0.656
6.000,-0.438,1.00,-0.0435,1.09
6.010,-0.454,0.999,-0.0420,1.10
6.020,-0.439,1.01,-0.0495,1.10
6.030,-0.452,0.996,-0.0540,1.09
6.040,-0.463,0.990,-0.0405,1.09
6.050,-0.445,0.995,-0.0405,1.09
6.060,-0.444,1.00,-0.0420,1.10
6.070,-0.447,1.01,-0.0570,1.11
6.080,-0.438,1.00,-0.0435,1.10
6.090,-0.449,0.995,-0.0435,1.09
6.100,-0.449,0.995,-0.0330,1.09
6.110,-0.452,1.01,-0.0495,1.10
6.120,-0.439,0.999,-0.0465,1.09
6.130,-0.452,1.01,-0.0540,1.11
6.140,-0.453,1.00,-0.0480,1.10
6.150,-0.447,0.989,-0.0495,1.09
6.160,-0.453,1.00,-0.0480,1.10
6.170,-0.437,1.00,-0.0495,1.10
6.180,-0.444,0.996,-0.0540,1.09
6.190,-0.458,1.00,-0.0540,1.10
6.200,-0.465,1.01,-0.0390,1.11
6.210,-0.462,1.00,-0.0540,1.11
6.220,-0.449,1.01,-0.0510,1.10
6.230,-0.458,1.01,-0.0495,1.11
6.240,-0.447,1.01,-0.0465,1.10
6.250,-0.454,0.999,-0.0465,1.10
6.260,-0.447,1.00,-0.0495,1.10
6.270,-0.454,0.999,-0.0345,1.10
6.280,-0.453,0.995,-0.0405,1.09
6.290,-0.456,1.00,-0.0510,1.10
6.300,-0.447,1.01,-0.0465,1.11
6.310,-0.439,1.01,-0.0540,1.10
6.320,-0.456,1.00,-0.0405,1.10
6.330,-0.456,0.983,-0.0435,1.08
6.340,-0.456,1.00,-0.0405,1.10
6.350,-0.444,0.996,-0.0465,1.09
6.360,-0.452,1.00,-0.0495,1.10
6.370,-0.465,0.989,-0.0390,1.09
6.380,-0.453,0.998,-0.0360,1.10
6.390,-0.441,1.00,-0.0435,1.10
6.400,-0.438,1.01,-0.0510,1.10
6.410,-0.435,1.01,-0.0480,1.10
6.420,-0.469,0.999,-0.0465,1.10
6.430,-0.452,1.00,-0.0540,1.10
6.440,-0.444,1.01,-0.0570,1.10
6.450,-0.445,0.995,-0.0510,1.09
6.460,-0.447,1.01,-0.0465,1.11
6.470,-0.444,1.00,-0.0495,1.10
6.480,-0.444,1.00,-0.0495,1.10
6.490,-0.453,0.995,-0.0360,1.09
6.500,-0.445,0.995,-0.0435,1.09
6.510,-0.456,1.00,-0.0510,1.10
6.520,-0.463,1.01,-0.0480,1.11
6.530,-0.441,1.00,-0.0510,1.10
6.540,-0.437,1.01,-0.0540,1.10
6.550,-0.458,0.991,-0.0645,1.09
6.560,-0.445,1.00,-0.0480,1.10
6.570,-0.447,0.989,-0.0390,1.09
6.580,-0.437,0.999,-0.0495,1.09
6.590,-0.452,0.996,-0.0315,1.09
6.600,-0.444,1.00,-0.0540,1.10
6.610,-0.437,0.999,-0.0600,1.09
6.620,-0.463,1.00,-0.0405,1.10
6.630,-0.449,0.995,-0.0480,1.09
6.640,-0.444,1.01,-0.0420,1.11
6.650,-0.445,0.998,-0.0405,1.09
6.660,-0.453,1.01,-0.0480,1.11
6.670,-0.439,0.996,-0.0495,1.09
6.680,-0.444,1.00,-0.0495,1.10
6.690,-0.441,1.01,-0.0510,1.11
6.700,-0.447,1.02,-0.0465,1.11
6.710,-0.453,0.995,-0.0435,1.09
6.720,-0.456,1.00,-0.0405,1.10
6.730,-0.453,1.00,-0.0480,1.10
6.740,-0.453,1.00,-0.0480,1.10
6.750,-0.444,0.999,-0.0540,1.09
6.760,-0.449,1.00,-0.0510,1.10
6.770,-0.460,1.00,-0.0585,1.10
6.780,-0.444,0.996,-0.0495,1.09
6.790,-0.447,0.999,-0.0465,1.10
6.800,-0.458,0.999,-0.0465,1.10
6.810,-0.452,0.996,-0.0540,1.09
6.820,-0.449,1.00,-0.0480,1.10
6.830,-0.438,1.01,-0.0435,1.10
6.840,-0.445,0.987,-0.0630,1.08
6.850,-0.452,1.01,-0.0570,1.11
6.860,-0.453,1.01,-0.0435,1.11
6.870,-0.465,0.999,-0.0465,1.10
6.880,-0.444,0.999,-0.0465,1.09
6.890,-0.456,0.998,-0.0585,1.10
6.900,-0.441,0.990,-0.0435,1.08
6.910,-0.460,1.01,-0.0510,1.11
6.920,-0.458,0.991,-0.0420,1.09
6.930,-0.449,1.02,-0.0480,1.11
6.940,-0.439,1.01,-0.0420,1.10
6.950,-0.444,0.999,-0.0495,1.09
6.960,-0.445,1.00,-0.0480,1.10
6.970,-0.454,1.02,-0.0570,1.12
6.980,-0.439,0.991,-0.0570,1.09
6.990,-0.453,1.00,-0.0405,1.10
7.000,-0.452,1.00,-0.0345,1.10
7.010,-0.439,0.996,-0.0390,1.09
7.020,-0.453,1.00,-0.0555,1.10
7.030,-0.449,0.998,-0.0360,1.09
7.040,-0.453,0.995,-0.0435,1.09
7.050,-0.449,1.01,-0.0360,1.10
7.060,-0.444,1.01,-0.0465,1.10
7.070,-0.441,0.995,-0.0585,1.09
7.080,-0.445,1.00,-0.0405,1.10
7.090,-0.452,1.01,-0.0570,1.10
7.100,-0.456,0.998,-0.0435,1.10
7.110,-0.449,1.02,-0.0555,1.12
7.120,-0.454,0.991,-0.0420,1.09
7.130,-0.454,1.01,-0.0540,1.11
7.140,-0.438,0.995,-0.0435,1.09
7.150,-0.462,0.999,-0.0540,1.10
7.160,-0.445,0.998,-0.0555,1.09
7.170,-0.432,1.00,-0.0465,1.09
7.180,-0.452,0.991,-0.0540,1.09
7.190,-0.458,1.01,-0.0390,1.11
7.200,-0.437,0.996,-0.0465,1.09
7.210,-0.438,0.998,-0.0405,1.09
7.220,-0.462,0.999,-0.0495,1.10
7.230,-0.456,0.998,-0.0435,1.10
7.240,-0.439,0.999,-0.0390,1.09
7.250,-0.458,1.00,-0.0645,1.10
7.260,-0.454,0.996,-0.0570,1.10
7.270,-0.449,0.990,-0.0480,1.09
7.280,-0.447,0.991,-0.0495,1.09
7.290,-0.453,0.990,-0.0630,1.09
7.300,-0.456,1.01,-0.0435,1.11
7.310,-0.449,1.00,-0.0660,1.10
7.320,-0.441,0.998,-0.0435,1.09
7.330,-0.437,1.02,-0.0495,1.11
7.340,-0.444,0.996,-0.0420,1.09
7.350,-0.463,1.01,-0.0555,1.11
7.360,-0.454,1.01,-0.0420,1.11
7.370,-0.453,1.01,-0.0510,1.11
7.380,-0.452,0.999,-0.0420,1.10
7.390,-0.452,0.999,-0.0465,1.10
7.400,-0.439,1.00,-0.0270,1.10
7.410,-0.430,1.00,-0.0480,1.09
7.420,-0.454,1.00,-0.0495,1.10
7.430,-0.452,0.999,-0.0570,1.10
7.440,-0.435,0.998,-0.0405,1.09
7.450,-0.432,1.01,-0.0495,1.10
7.460,-0.438,0.990,-0.0435,1.08
7.470,-0.449,0.998,-0.0435,1.09
7.480,-0.445,1.01,-0.0480,1.11
7.490,-0.458,1.01,-0.0495,1.11
7.500,-0.445,1.00,-0.0360,1.10
7.510,-0.454,0.989,-0.0570,1.09
7.520,-0.438,0.983,-0.0405,1.08
7.530,-0.453,1.00,-0.0480,1.10
7.540,-0.456,1.00,-0.0510,1.10
7.550,-0.447,1.02,-0.0540,1.12
7.560,-0.444,0.991,-0.0390,1.09
7.570,-0.430,1.01,-0.0435,1.10
7.580,-0.462,0.991,-0.0495,1.09
7.590,-0.458,1.01,-0.0540,1.11
7.600,-0.441,1.00,-0.0510,1.10
7.610,-0.465,1.00,-0.0540,1.11
7.620,-0.447,1.01,-0.0540,1.10
7.630,-0.447,0.999,-0.0495,1.10
7.640,-0.444,1.00,-0.0465,1.10
7.650,-0.453,0.998,-0.0660,1.10
7.660,-0.439,1.01,-0.0495,1.10
7.670,-0.453,0.995,-0.0510,1.09
7.680,-0.445,1.00,-0.0480,1.10
7.690,-0.447,1.01,-0.0675,1.10
7.700,-0.454,0.999,-0.0420,1.10
7.710,-0.452,1.00,-0.0600,1.10
7.720,-0.458,0.991,-0.0420,1.09
7.730,-0.444,1.00,-0.0570,1.10
7.740,-0.452,1.00,-0.0465,1.10
7.750,-0.441,1.00,-0.0480,1.09
7.760,-0.439,0.984,-0.0390,1.08
7.770,-0.453,0.990,-0.0480,1.09
7.780,-0.445,0.998,-0.0435,1.09
7.790,-0.460,1.01,-0.0555,1.11
7.800,-0.449,1.02,-0.0555,1.11
7.810,-0.463,1.01,-0.0660,1.11
7.820,-0.441,0.998,-0.0480,1.09
7.830,-0.447,1.02,-0.0600,1.11
7.840,-0.453,0.998,-0.0555,1.10
7.850,-0.465,1.01,-0.0600,1.11
7.860,-0.452,0.999,-0.0390,1.10
7.870,-0.435,0.990,-0.0510,1.08
7.880,-0.449,1.00,-0.0360,1.10
7.890,-0.447,1.02,-0.0465,1.11
7.900,-0.445,0.995,-0.0360,1.09
7.910,-0.469,1.01,-0.0495,1.11
7.920,-0.452,0.999,-0.0420,1.10
7.930,-0.449,0.998,-0.0405,1.09
7.940,-0.452,0.989,-0.0420,1.09
7.950,-0.441,0.998,-0.0585,1.09
7.960,-0.458,1.00,-0.0390,1.10
7.970,-0.444,1.00,-0.0540,1.10
7.980,-0.454,1.02,-0.0495,1.12
7.990,-0.453,1.00,-0.0585,1.10
8.000,-0.445,0.995,-0.0480,1.09
8.010,-0.449,1.02,-0.0480,1.11
8.020,-0.452,1.01,-0.0495,1.10
8.030,-0.460,0.998,-0.0435,1.10
8.040,-0.458,1.01,-0.0420,1.11
8.050,-0.462,1.01,-0.0495,1.11
8.060,-0.445,0.995,-0.0360,1.09
8.070,-0.456,1.00,-0.0405,1.10
8.080,-0.439,0.999,-0.0465,1.09
8.090,-0.435,1.01,-0.0555,1.10
8.100,-0.449,1.00,-0.0435,1.10
8.110,-0.447,1.01,-0.0570,1.11
8.120,-0.439,1.01,-0.0465,1.10
8.130,-0.439,0.999,-0.0495,1.09
8.140,-0.444,1.00,-0.0390,1.10
8.150,-0.445,1.01,-0.0705,1.11
8.160,-0.444,0.989,-0.0390,1.08
8.170,-0.447,0.996,-0.0465,1.09
8.180,-0.445,1.00,-0.0435,1.10
8.190,-0.447,0.999,-0.0600,1.10
8.200,-0.437,1.00,-0.0540,1.10
8.210,-0.449,1.01,-0.0555,1.10
8.220,-0.452,1.00,-0.0495,1.10
8.230,-0.453,1.01,-0.0555,1.11
8.240,-0.454,0.996,-0.0465,1.10
8.250,-0.453,0.998,-0.0585,1.10
8.260,-0.452,0.996,-0.0465,1.09
8.270,-0.463,0.995,-0.0480,1.10
8.280,-0.454,0.991,-0.0570,1.09
8.290,-0.468,0.983,-0.0480,1.09
8.300,-0.447,0.996,-0.0390,1.09
8.310,-0.437,0.996,-0.0420,1.09
8.320,-0.444,0.991,-0.0465,1.09
8.330,-0.447,0.981,-0.0570,1.08
8.340,-0.453,1.01,-0.0435,1.11
8.350,-0.438,1.00,-0.0480,1.10
8.360,-0.453,1.01,-0.0480,1.11
8.370,-0.439,0.996,-0.0540,1.09
8.380,-0.458,1.01,-0.0495,1.11
8.390,-0.445,1.01,-0.0585,1.11
8.400,-0.449,0.998,-0.0480,1.09
8.410,-0.444,0.999,-0.0600,1.09
8.420,-0.452,1.01,-0.0465,1.10
8.430,-0.447,1.00,-0.0540,1.10
8.440,-0.438,1.00,-0.0660,1.10
8.450,-0.447,1.01,-0.0570,1.11
8.460,-0.447,0.999,-0.0495,1.10
8.470,-0.437,1.00,-0.0495,1.10
8.480,-0.452,1.01,-0.0720,1.11
8.490,-0.445,0.998,-0.0510,1.09
8.500,-0.449,0.998,-0.0555,1.10
8.510,-0.449,0.998,-0.0555,1.10
8.520,-0.441,1.00,-0.0405,1.10
8.530,-0.435,1.01,-0.0585,1.10
8.540,-0.441,1.00,-0.0510,1.10
8.550,-0.439,1.01,-0.0570,1.10
8.560,-0.449,0.987,-0.0435,1.08
8.570,-0.463,0.998,-0.0555,1.10
8.580,-0.449,1.00,-0.0555,1.10
8.590,-0.437,1.00,-0.0645,1.10
8.600,-0.445,0.998,-0.0480,1.09
8.610,-0.449,1.00,-0.0510,1.10
8.620,-0.444,0.996,-0.0420,1.09
8.630,-0.447,1.01,-0.0495,1.10
8.640,-0.454,0.999,-0.0540,1.10
8.650,-0.441,1.02,-0.0555,1.11
8.660,-0.445,0.998,-0.0405,1.09
8.670,-0.444,0.991,-0.0345,1.09
8.680,-0.441,1.00,-0.0510,1.09
8.690,-0.445,0.995,-0.0405,1.09
8.700,-0.445,1.00,-0.0435,1.10
8.710,-0.449,1.01,-0.0555,1.10
8.720,-0.445,0.995,-0.0585,1.09
8.730,-0.454,0.996,-0.0540,1.10
8.740,-0.441,1.01,-0.0405,1.11
8.750,-0.439,0.996,-0.0390,1.09
8.760,-0.445,0.998,-0.0435,1.09
8.770,-0.453,0.983,-0.0510,1.08
8.780,-0.458,1.01,-0.0420,1.11
8.790,-0.447,1.01,-0.0420,1.10
8.800,-0.458,1.01,-0.0495,1.11
8.810,-0.452,1.00,-0.0390,1.10
8.820,-0.463,1.01,-0.0555,1.11
8.830,-0.452,0.996,-0.0465,1.09
8.840,-0.444,1.01,-0.0570,1.10
8.850,-0.453,1.01,-0.0555,1.11
8.860,-0.447,0.999,-0.0600,1.10
8.870,-0.447,1.00,-0.0465,1.10
8.880,-0.452,1.01,-0.0540,1.11
8.890,-0.454,0.991,-0.0570,1.09
8.900,-0.445,1.01,-0.0555,1.11
8.910,-0.453,1.00,-0.0405,1.10
8.920,-0.458,1.01,-0.0570,1.11
8.930,-0.456,1.00,-0.0510,1.10
8.940,-0.437,1.01,-0.0495,1.11
8.950,-0.449,1.01,-0.0510,1.11
8.960,-0.456,0.995,-0.0555,1.10
8.970,-0.447,0.984,-0.0495,1.08
8.980,-0.449,1.01,-0.0555,1.10
8.990,-0.453,0.998,-0.0585,1.10
9.000,-0.477,2.00,-0.00450,2.05
9.010,-0.454,1.98,-0.0120,2.03
9.020,-0.471,1.98,-0.0210,2.04
9.030,-0.469,1.98,-0.0120,2.03
9.040,-0.477,2.00,-0.0315,2.06
9.050,-0.462,1.99,-0.0195,2.04
9.060,-0.462,1.98,-0.0165,2.04
9.070,-0.468,1.99,-0.0105,2.05
9.080,-0.471,2.00,-0.0210,2.05
9.090,-0.474,1.98,-0.0210,2.03
9.100,-0.460,1.99,-0.0360,2.04
9.110,-0.465,2.00,-0.0195,2.05
9.120,-0.479,2.00,-0.0180,2.06
9.130,-0.469,2.00,-0.00450,2.05
9.140,-0.477,2.00,-0.0270,2.06
9.150,-0.452,2.00,-0.0195,2.05
9.160,-0.465,1.98,-0.0345,2.04
9.170,-0.462,2.00,-0.0120,2.05
9.180,-0.471,1.98,-0.0255,2.04
9.190,-0.468,1.99,-0.0210,2.05
9.200,-0.479,1.98,-0.0180,2.04
9.210,-0.460,1.97,-0.00600,2.03
9.220,-0.472,2.00,-0.0195,2.05
9.230,-0.456,1.98,0.00,2.03
9.240,-0.491,1.99,-0.0165,2.05
9.250,-0.463,1.98,-0.0180,2.04
9.260,-0.465,1.98,-0.0165,2.04
9.270,-0.472,1.97,-0.0315,2.02
9.280,-0.468,2.01,-0.0255,2.06
9.290,-0.474,1.98,-0.0210,2.04
9.300,-0.487,2.00,-0.0165,2.06
9.310,-0.472,1.99,-0.0165,2.04
9.320,-0.471,1.99,-0.0135,2.05
9.330,-0.463,2.00,-0.0180,2.05
9.340,-0.469,1.99,-0.0195,2.05
9.350,-0.460,1.99,-0.00600,2.04
9.360,-0.462,2.00,-0.00150,2.05
9.370,-0.463,2.01,-0.00600,2.06
9.380,-0.489,2.00,-0.0210,2.06
9.390,-0.465,1.99,-0.0195,2.04
9.400,-0.469,2.00,-0.0315,2.05
9.410,-0.477,1.98,-0.0120,2.04
9.420,-0.468,2.00,-0.0210,2.06
9.430,-0.471,2.00,-0.00600,2.05
9.440,-0.463,1.98,-0.00600,2.03
9.450,-0.471,2.00,-0.0330,2.05
9.460,-0.465,1.99,-0.0120,2.04
9.470,-0.465,1.99,-0.0315,2.05
9.480,-0.449,1.99,-0.00600,2.04
9.490,-0.477,1.99,-0.00900,2.04
9.500,-0.463,1.99,-0.0180,2.04
9.510,-0.472,1.99,-0.0120,2.05
9.520,-0.463,2.00,-0.00300,2.05
9.530,-0.471,2.00,-0.0330,2.06
9.540,-0.465,1.99,-0.0120,2.05
9.550,-0.471,2.00,-0.00600,2.05
9.560,-0.468,1.99,-0.0180,2.04
9.570,-0.463,1.99,-0.0255,2.05
9.580,-0.469,1.99,-0.0195,2.04
9.590,-0.465,1.99,-0.0195,2.04
9.600,-0.456,1.98,-0.0285,2.03
9.610,-0.477,2.00,-0.0195,2.06
9.620,-0.447,1.99,-0.0240,2.04
9.630,-0.462,1.99,-0.0240,2.05
9.640,-0.477,1.98,-0.0195,2.04
9.650,-0.465,1.99,-0.00900,2.04
9.660,-0.458,1.98,-0.0165,2.03
9.670,-0.456,1.99,-0.0285,2.04
9.680,-0.463,1.98,-0.0210,2.03
9.690,-0.483,2.00,-0.0120,2.06
9.700,-0.465,1.99,-0.00150,2.04
9.710,-0.458,1.99,-0.0315,2.05
9.720,-0.471,1.98,-0.00600,2.0
9.730,-0.454,1.98,-0.0195,2.03
9.740,-0.463,1.99,-0.0210,2.05
9.750,-0.474,2.00,-0.0210,2.05
9.760,-0.456,2.00,-0.0135,2.05
9.770,-0.463,2.00,-0.0330,2.05
9.780,-0.453,1.98,-0.0180,2.04
9.790,-0.458,1.99,-0.0270,2.04
9.800,-0.456,1.98,-0.0210,2.03
9.810,-0.458,1.98,-0.0315,2.04
9.820,-0.469,1.99,-0.0120,2.04
9.830,-0.456,2.00,-0.0330,2.05
9.840,-0.474,1.98,-0.0180,2.03
9.850,-0.468,1.99,-0.0135,2.04
9.860,-0.463,1.98,-0.0135,2.04
9.870,-0.469,1.99,-0.0165,2.04
9.880,-0.474,1.99,-0.0255,2.05
9.890,-0.454,1.99,-0.0120,2.04
9.900,-0.462,2.00,-0.0165,2.05
9.910,-0.468,1.98,-0.0285,2.04
9.920,-0.454,1.99,-0.0240,2.04
9.930,-0.460,1.98,-0.0255,2.03
9.940,-0.479,1.97,-0.00600,2.03
9.950,-0.460,2.00,-0.0135,2.05
9.960,-0.468,1.99,-0.0210,2.05
9.970,-0.477,1.99,-0.00450,2.05
9.980,-0.472,1.97,-0.0195,2.03
9.990,-0.468,2.01,-0.0255,2.06
10.000,-0.462,1.99,-0.00900,2.04
10.010,-0.458,1.99,-0.00450,2.04
10.020,-0.471,1.98,0.00,2.04
10.030,-0.474,1.99,-0.0180,2.04
10.040,-0.462,1.98,-0.0120,2.04
10.050,-0.472,1.99,-0.0270,2.05
10.060,-0.472,2.00,-0.0195,2.05
10.070,-0.454,2.00,-0.0165,2.05
10.080,-0.486,1.98,-0.0255,2.04
10.090,-0.463,1.99,-0.0135,2.04
10.100,-0.465,1.99,-0.0270,2.04
10.110,-0.462,2.00,-0.0345,2.06
10.120,-0.462,1.99,-0.00900,2.04
10.130,-0.462,1.99,-0.0270,2.04
10.140,-0.469,1.99,-0.0270,2.05
10.150,-0.474,2.00,-0.0180,2.05
10.160,-0.456,1.98,-0.0285,2.03
10.170,-0.462,1.99,-0.0270,2.04
10.180,-0.468,1.98,-0.0135,2.03
10.190,-0.480,1.99,-0.0165,2.05
10.200,-0.472,1.98,-0.00900,2.03
10.210,-0.472,1.99,-0.0165,2.04
10.220,-0.460,1.98,-0.0135,2.03
10.230,-0.477,1.99,-0.0270,2.05
10.240,-0.472,1.99,-0.0120,2.05
10.250,-0.468,1.99,-0.0105,2.04
10.260,-0.469,1.99,-0.00450,2.04
10.270,-0.463,2.00,-0.0105,2.06
10.280,-0.453,1.99,-0.0285,2.04
10.290,-0.472,1.98,-0.0165,2.04
10.300,-0.468,2.00,-0.0135,2.05
10.310,-0.460,2.00,-0.0210,2.05
10.320,-0.468,2.00,-0.0135,2.05
10.330,-0.463,1.99,-0.0285,2.05
10.340,-0.468,1.99,-0.0135,2.05
10.350,-0.479,1.98,-0.00300,2.04
10.360,-0.454,1.99,-0.0240,2.04
10.370,-0.465,1.98,-0.0165,2.04
10.380,-0.479,1.99,-0.0105,2.05
10.390,-0.474,1.98,-0.0255,2.04
10.400,-0.468,1.98,-0.0105,2.04
10.410,-0.465,2.00,-0.0120,2.06
10.420,-0.468,1.99,-0.0330,2.04
10.430,-0.463,1.98,-0.0255,2.04
10.440,-0.462,1.99,-0.0120,2.04
10.450,-0.469,1.99,-0.0120,2.05
10.460,-0.463,1.99,-0.00300,2.05
10.470,-0.474,1.98,-0.0180,2.04
10.480,-0.472,2.00,-0.0195,2.06
10.490,-0.465,1.99,-0.0345,2.04
10.500,-0.472,1.97,-0.0165,2.03
10.510,-0.469,2.00,-0.0240,2.05
10.520,-0.465,2.00,-0.0195,2.05
10.530,-0.460,1.98,-0.0255,2.04
10.540,-0.468,1.99,-0.0210,2.04
10.550,-0.474,1.99,-0.0210,2.04
10.560,-0.456,1.98,-0.0105,2.04
10.570,-0.474,1.99,-0.0210,2.04
10.580,-0.471,1.98,-0.0180,2.04
10.590,-0.479,1.98,-0.00600,2.03
10.600,-0.471,1.99,-0.0255,2.05
10.610,-0.454,1.99,-0.00900,2.04
10.620,-0.471,1.99,-0.0135,2.04
10.630,-0.472,1.99,-0.0315,2.04
10.640,-0.477,1.99,-0.00900,2.05
10.650,-0.471,2.01,-0.0210,2.07
10.660,-0.472,2.00,-0.0195,2.06
10.670,-0.465,1.99,-0.0240,2.04
10.680,-0.458,1.99,-0.0315,2.05
10.690,-0.462,1.99,-0.0195,2.04
10.700,-0.447,1.98,-0.0165,2.03
10.710,-0.471,1.97,-0.0210,2.03
10.720,-0.483,2.00,-0.00900,2.06
10.730,-0.471,2.00,-0.0285,2.05
10.740,-0.458,2.00,-0.0120,2.05
10.750,-0.472,1.97,-0.00150,2.02
10.760,-0.477,2.00,-0.0165,2.05
10.770,-0.462,1.99,-0.0270,2.04
10.780,-0.471,1.99,-0.0180,2.04
10.790,-0.472,1.99,-0.0195,2.04
10.800,-0.465,2.00,-0.0165,2.05
10.810,-0.456,1.99,-0.0180,2.04
10.820,-0.465,2.00,-0.00450,2.05
10.830,-0.456,1.99,-0.0180,2.04
10.840,-0.474,2.00,-0.0255,2.06
10.850,-0.462,1.99,-0.0195,2.05
10.860,-0.463,1.99,-0.0210,2.04
10.870,-0.462,1.99,-0.0315,2.04
10.880,-0.471,1.98,-0.0180,2.04
10.890,-0.477,1.99,-0.0120,2.04
10.900,-0.468,1.99,-0.0105,2.05
10.910,-0.463,2.00,-0.0255,2.05
10.920,-0.460,1.98,-0.0210,2.04
10.930,-0.462,1.99,-0.00900,2.04
10.940,-0.462,1.98,-0.00150,2.04
10.950,-0.460,1.99,-0.00600,2.04
10.960,-0.472,1.99,-0.0195,2.05
10.970,-0.462,2.00,-0.0270,2.05
10.980,-0.471,1.99,-0.0255,2.04
10.990,-0.474,2.00,-0.0210,2.06
11.000,-0.458,2.00,-0.0195,2.05
11.010,-0.472,1.99,-0.0120,2.04
11.020,-0.462,2.00,-0.00900,2.05
11.030,-0.465,1.99,-0.0315,2.04
11.040,-0.463,1.98,-0.0285,2.03
11.050,-0.458,1.99,-0.0120,2.04
11.060,-0.471,1.99,-0.0135,2.05
11.070,-0.468,1.99,-0.0105,2.04
11.080,-0.456,2.00,-0.00300,2.05
11.090,-0.463,1.99,-0.0255,2.05
11.100,-0.463,1.99,-0.0210,2.04
11.110,-0.460,2.00,-0.00600,2.05
11.120,-0.483,1.99,-0.0120,2.05
11.130,-0.453,1.99,-0.0105,2.04
11.140,-0.463,1.98,-0.0135,2.04
11.150,-0.469,1.99,-0.0390,2.04
11.160,-0.477,2.00,-0.00900,2.05
11.170,-0.460,1.98,-0.0210,2.04
11.180,-0.469,2.00,-0.0120,2.06
11.190,-0.462,2.00,-0.0165,2.05
11.200,-0.472,2.01,-0.0315,2.07
11.210,-0.472,1.99,-0.0120,2.05
11.220,-0.463,1.99,-0.0105,2.04
11.230,-0.463,2.00,-0.0180,2.05
11.240,-0.463,1.97,-0.00300,2.03
11.250,-0.462,2.00,-0.0240,2.05
11.260,-0.468,1.99,-0.00600,2.05
11.270,-0.460,1.99,-0.0105,2.04
11.280,-0.463,2.01,-0.0180,2.06
11.290,-0.477,1.99,-0.0270,2.05
11.300,-0.463,1.99,-0.0105,2.04
11.310,-0.486,2.00,-0.0210,2.05
11.320,-0.462,1.99,-0.0240,2.05
11.330,-0.463,1.98,-0.0180,2.04
11.340,-0.463,2.00,-0.0135,2.06
11.350,-0.462,2.00,-0.0240,2.05
11.360,-0.489,1.99,-0.0180,2.05
11.370,-0.468,1.99,-0.0135,2.04
11.380,-0.458,1.98,-0.0165,2.04
11.390,-0.463,1.99,-0.0135,2.04
11.400,-0.479,1.99,-0.00600,2.05
11.410,-0.468,2.00,-0.0135,2.05
11.420,-0.458,1.98,-0.0165,2.03
11.430,-0.469,1.98,-0.00450,2.04
11.440,-0.472,2.00,-0.00900,2.06
11.450,-0.472,2.00,-0.0345,2.06
11.460,-0.471,1.99,-0.0255,2.04
11.470,-0.469,1.99,-0.0195,2.04
11.480,-0.449,2.00,-0.00600,2.04
11.490,-0.477,1.99,-0.0195,2.05
11.500,-0.462,1.99,-0.0240,2.04
11.510,-0.471,1.98,-0.0180,2.04
11.520,-0.462,2.00,-0.0240,2.05
11.530,-0.471,1.99,-0.0255,2.05
11.540,-0.458,2.00,-0.00900,2.05
11.550,-0.471,2.00,-0.0285,2.05
11.560,-0.472,2.00,-0.0195,2.05
11.570,-0.477,1.98,-0.0240,2.04
11.580,-0.463,1.98,-0.0180,2.03
11.590,-0.468,1.99,-0.00600,2.04
11.600,-0.477,1.99,-0.0195,2.05
11.610,-0.472,1.99,-0.00900,2.05
11.620,-0.469,1.99,-0.0195,2.05
11.630,-0.474,1.99,-0.0255,2.05
11.640,-0.468,1.98,-0.0330,2.04
11.650,-0.469,1.99,-0.0195,2.05
11.660,-0.468,2.00,-0.0210,2.05
11.670,-0.458,2.00,-0.0240,2.05
11.680,-0.456,2.00,-0.0180,2.05
11.690,-0.472,1.98,-0.0195,2.04
11.700,-0.471,1.99,-0.0105,2.05
11.710,-0.458,2.00,-0.0240,2.05
11.720,-0.456,2.00,-0.0180,2.05
11.730,-0.458,1.99,-0.0165,2.04
11.740,-0.460,1.99,-0.0180,2.04
11.750,-0.474,1.98,-0.0210,2.04
11.760,-0.456,2.00,-0.0180,2.05
11.770,-0.463,1.98,-0.0135,2.04
11.780,-0.468,1.97,-0.0180,2.03
11.790,-0.454,1.98,-0.0240,2.03
11.800,-0.472,2.00,-0.0120,2.05
11.810,-0.477,1.98,-0.0195,2.03
11.820,-0.474,2.00,-0.0135,2.05
11.830,-0.456,1.99,-0.0210,2.04
11.840,-0.474,1.98,-0.0330,2.04
11.850,-0.465,1.98,-0.00900,2.03
11.860,-0.471,1.98,-0.0105,2.04
11.870,-0.474,1.98,-0.0210,2.04
11.880,-0.471,1.99,-0.0210,2.04
11.890,-0.479,1.98,-0.0210,2.04
11.900,-0.465,1.99,-0.0195,2.04
11.910,-0.463,1.99,-0.00300,2.05
11.920,-0.460,1.98,-0.0330,2.04
11.930,-0.481,1.98,-0.0135,2.04
11.940,-0.474,1.98,-0.0135,2.04
11.950,-0.471,1.99,-0.0135,2.05
11.960,-0.460,2.00,-0.0255,2.05
11.970,-0.479,2.00,-0.00300,2.05
11.980,-0.460,1.99,-0.0330,2.04
11.990,-0.477,2.00,-0.00450,2.05
12.000,-0.502,3.03,0.00150,3.07
12.010,-0.477,3.03,0.0165,3.07
12.020,-0.480,3.04,0.0120,3.07
12.030,-0.483,3.04,0.0195,3.07
12.040,-0.481,3.04,0.0180,3.08
12.050,-0.486,3.03,0.00300,3.07
12.060,-0.471,3.04,0.0105,3.08
12.070,-0.486,3.03,0.0135,3.07
12.080,-0.462,3.03,0.0195,3.07
12.090,-0.489,3.03,0.0180,3.07
12.100,-0.496,3.03,0.00600,3.07
12.110,-0.479,3.02,0.0180,3.06
12.120,-0.480,3.04,0.0195,3.07
12.130,-0.472,3.02,0.00900,3.05
12.140,-0.489,3.04,0.0180,3.08
12.150,-0.469,3.02,0.0240,3.05
12.160,-0.469,3.03,0.00150,3.07
12.170,-0.489,3.03,0.0180,3.07
12.180,-0.480,3.03,0.00150,3.06
12.190,-0.463,3.05,0.0210,3.08
12.200,-0.472,3.03,0.00900,3.07
12.210,-0.489,3.03,0.00300,3.07
12.220,-0.479,3.04,0.0180,3.08
12.230,-0.486,3.03,0.0135,3.07
12.240,-0.480,3.04,0.00900,3.07
12.250,-0.480,3.03,0.0240,3.07
12.260,-0.479,3.03,0.00,3.07
12.270,-0.489,3.03,0.0285,3.07
12.280,-0.496,3.03,0.0105,3.07
12.290,-0.479,3.02,0.0105,3.06
12.300,-0.481,3.04,0.0255,3.08
12.310,-0.489,3.04,0.0285,3.08
12.320,-0.493,3.04,0.0105,3.08
12.330,-0.479,3.03,0.0180,3.07
12.340,-0.480,3.03,0.0165,3.07
12.350,-0.481,3.03,0.0210,3.07
12.360,-0.502,3.03,0.0165,3.07
12.370,-0.474,3.04,0.0255,3.07
12.380,-0.487,3.03,0.0120,3.07
12.390,-0.483,3.02,0.00450,3.06
12.400,-0.487,3.03,0.00900,3.07
12.410,-0.483,3.04,0.0345,3.07
12.420,-0.487,3.04,-0.00150,3.07
12.430,-0.480,3.03,0.0270,3.07
12.440,-0.479,3.04,0.0135,3.07
12.450,-0.477,3.01,0.0120,3.05
12.460,-0.479,3.03,0.0210,3.06
12.470,-0.491,3.03,0.00900,3.07
12.480,-0.474,3.04,0.00600,3.07
12.490,-0.493,3.04,0.0210,3.08
12.500,-0.481,3.04,0.0180,3.08
12.510,-0.483,3.04,0.0165,3.08
12.520,-0.486,3.04,0.0105,3.08
12.530,-0.483,3.01,0.00900,3.05
12.540,-0.480,3.03,-0.00150,3.06
12.550,-0.489,3.03,0.0285,3.07
12.560,-0.486,3.04,0.0255,3.08
12.570,-0.487,3.03,0.0240,3.07
12.580,-0.469,3.03,0.00150,3.06
12.590,-0.487,3.04,0.0195,3.07
12.600,-0.486,3.03,0.0105,3.07
12.610,-0.481,3.04,0.0330,3.08
12.620,-0.496,3.04,0.0180,3.08
12.630,-0.489,3.02,-0.00300,3.06
12.640,-0.486,3.04,0.00600,3.08
12.650,-0.481,3.02,0.0135,3.06
12.660,-0.483,3.03,0.0120,3.07
12.670,-0.483,3.03,0.0165,3.07
12.680,-0.480,3.03,0.00150,3.07
12.690,-0.491,3.04,0.00900,3.08
12.700,-0.483,3.03,-0.00150,3.0
12.710,-0.480,3.03,0.0165,3.07
12.720,-0.486,3.05,0.0135,3.09
12.730,-0.487,3.02,0.0120,3.06
12.740,-0.495,3.02,0.00150,3.06
12.750,-0.468,3.04,0.0180,3.07
12.760,-0.486,3.03,0.0255,3.07
12.770,-0.468,3.02,0.0105,3.05
12.780,-0.486,3.03,0.0105,3.07
12.790,-0.479,3.04,0.0180,3.08
12.800,-0.483,3.04,0.0165,3.08
12.810,-0.487,3.03,0.0195,3.07
12.820,-0.477,3.04,0.00900,3.08
12.830,-0.489,3.02,0.0105,3.06
12.840,-0.460,3.02,0.0135,3.06
12.850,-0.480,3.03,0.0165,3.07
12.860,-0.480,3.02,0.00900,3.06
12.870,-0.477,3.03,0.0165,3.07
12.880,-0.486,3.03,0.0105,3.07
12.890,-0.477,3.02,0.0120,3.06
12.900,-0.481,3.03,0.0135,3.07
12.910,-0.463,3.03,0.00600,3.07
12.920,-0.489,3.05,0.0135,3.09
12.930,-0.491,3.03,0.0240,3.07
12.940,-0.472,3.03,0.0165,3.07
12.950,-0.493,3.02,0.0210,3.06
12.960,-0.493,3.03,0.0285,3.07
12.970,-0.474,3.05,0.00600,3.08
12.980,-0.483,3.04,0.0195,3.08
12.990,-0.495,3.03,0.0240,3.07
13.000,-0.491,3.03,0.00900,3.07
13.010,-0.471,3.03,0.0210,3.07
13.020,-0.474,3.03,0.0255,3.07
13.030,-0.489,3.03,0.00300,3.07
13.040,-0.489,3.03,0.0105,3.07
13.050,-0.471,3.02,0.0135,3.05
13.060,-0.489,3.02,0.0180,3.06
13.070,-0.486,3.03,0.0285,3.07
13.080,-0.483,3.02,0.0120,3.06
13.090,-0.495,3.03,0.00450,3.07
13.100,-0.480,3.03,0.0195,3.07
13.110,-0.472,3.03,0.0165,3.07
13.120,-0.487,3.04,0.0195,3.07
13.130,-0.491,3.02,0.0195,3.06
13.140,-0.483,3.03,-0.00150,3.07
13.150,-0.474,3.03,0.0105,3.07
13.160,-0.477,3.04,0.00900,3.07
13.170,-0.495,3.03,0.0165,3.07
13.180,-0.487,3.03,0.0270,3.06
13.190,-0.468,3.03,0.0105,3.07
13.200,-0.495,3.03,0.0240,3.07
13.210,-0.469,3.03,0.00900,3.06
13.220,-0.477,3.04,0.00900,3.07
13.230,-0.480,3.03,0.0195,3.07
13.240,-0.471,3.03,0.00600,3.07
13.250,-0.489,3.03,0.0180,3.07
13.260,-0.493,3.03,0.00300,3.07
13.270,-0.477,3.03,0.00450,3.07
13.280,-0.477,3.04,0.0165,3.08
13.290,-0.487,3.04,0.0120,3.08
13.300,-0.486,3.03,0.0255,3.07
13.310,-0.486,3.03,0.0255,3.07
13.320,-0.481,3.03,0.0210,3.07
13.330,-0.481,3.04,0.0105,3.08
13.340,-0.491,3.04,0.0270,3.08
13.350,-0.483,3.04,0.0240,3.08
13.360,-0.486,3.04,0.0105,3.08
13.370,-0.480,3.03,0.0165,3.06
13.380,-0.496,3.04,0.0105,3.08
13.390,-0.486,3.03,0.0135,3.07
13.400,-0.477,3.03,0.0195,3.07
13.410,-0.495,3.03,0.0195,3.07
13.420,-0.491,3.03,0.0270,3.07
13.430,-0.481,3.03,0.0135,3.07
13.440,-0.489,3.03,0.0255,3.07
13.450,-0.489,3.03,0.00,3.07
13.460,-0.481,3.02,0.0105,3.06
13.470,-0.489,3.04,0.0135,3.08
13.480,-0.477,3.03,-0.00150,3.07
13.490,-0.496,3.02,0.00600,3.06
13.500,-0.483,3.02,0.0195,3.06
13.510,-0.489,3.03,0.0210,3.07
13.520,-0.480,3.03,0.0195,3.07
13.530,-0.486,3.03,0.0135,3.07
13.540,-0.477,3.03,0.0120,3.07
13.550,-0.480,3.02,0.0165,3.06
13.560,-0.480,3.02,0.0345,3.06
13.570,-0.495,3.04,0.0120,3.08
13.580,-0.477,3.03,0.0270,3.07
13.590,-0.480,3.03,0.0165,3.07
13.600,-0.486,3.04,0.0330,3.08
13.610,-0.481,3.03,0.0180,3.07
13.620,-0.489,3.02,0.0255,3.06
13.630,-0.477,3.03,0.00450,3.07
13.640,-0.493,3.03,0.00300,3.07
13.650,-0.479,3.03,0.0180,3.07
13.660,-0.495,3.04,0.0195,3.08
13.670,-0.483,3.04,0.0165,3.07
13.680,-0.489,3.03,0.0135,3.07
13.690,-0.477,3.02,0.0120,3.06
13.700,-0.481,3.02,0.00300,3.06
13.710,-0.495,3.03,0.0165,3.07
13.720,-0.483,3.03,0.0165,3.07
13.730,-0.491,3.03,0.00450,3.07
13.740,-0.486,3.05,0.0180,3.09
13.750,-0.481,3.02,0.0135,3.05
13.760,-0.481,3.03,0.0255,3.07
13.770,-0.477,3.03,0.0165,3.06
13.780,-0.486,3.03,0.0180,3.07
13.790,-0.480,3.03,0.0195,3.07
13.800,-0.496,3.04,0.0105,3.09
13.810,-0.477,3.04,0.0195,3.08
13.820,-0.480,3.03,-0.00150,3.0
13.830,-0.479,3.04,0.0210,3.08
13.840,-0.479,3.04,0.0255,3.08
13.850,-0.472,3.03,0.00900,3.07
13.860,-0.486,3.02,0.0105,3.06
13.870,-0.481,3.03,0.0180,3.07
13.880,-0.483,3.02,0.00450,3.06
13.890,-0.472,3.02,0.0165,3.05
13.900,-0.480,3.04,0.00900,3.07
13.910,-0.479,3.02,0.0135,3.05
13.920,-0.487,3.03,0.0120,3.07
13.930,-0.493,3.02,0.0180,3.06
13.940,-0.480,3.03,0.0120,3.07
13.950,-0.480,3.04,0.0165,3.08
13.960,-0.486,3.04,0.0285,3.08
13.970,-0.472,3.05,0.00450,3.08
13.980,-0.483,3.03,0.0165,3.07
13.990,-0.489,3.03,0.0240,3.07
14.000,-0.480,3.03,0.0180,3.07
14.010,-0.496,3.02,0.0105,3.06
14.020,-0.489,3.02,0.0135,3.06
14.030,-0.483,3.03,0.0120,3.06
14.040,-0.480,3.04,0.00900,3.08
14.050,-0.481,3.04,0.0255,3.08
14.060,-0.489,3.03,0.0135,3.07
14.070,-0.486,3.03,0.00,3.07
14.080,-0.487,3.03,0.0165,3.07
14.090,-0.483,3.04,0.0195,3.07
14.100,-0.491,3.03,0.0165,3.07
14.110,-0.483,3.03,0.0195,3.06
14.120,-0.480,3.03,0.0165,3.07
14.130,-0.479,3.02,0.0105,3.06
14.140,-0.491,3.04,0.0120,3.08
14.150,-0.499,3.04,0.0255,3.08
14.160,-0.505,3.04,0.0120,3.09
14.170,-0.491,3.03,0.0195,3.07
14.180,-0.493,3.04,0.0180,3.08
14.190,-0.486,3.03,0.00600,3.07
14.200,-0.486,3.03,0.00300,3.07
14.210,-0.480,3.03,0.0120,3.07
14.220,-0.479,3.04,0.00300,3.07
14.230,-0.486,3.03,0.0255,3.07
14.240,-0.496,3.03,0.0105,3.07
14.250,-0.486,3.03,0.0105,3.07
14.260,-0.486,3.03,0.0135,3.07
14.270,-0.483,3.04,0.00450,3.08
14.280,-0.491,3.04,0.0240,3.08
14.290,-0.481,3.03,0.00600,3.07
14.300,-0.474,3.03,0.0135,3.07
14.310,-0.474,3.04,0.00600,3.07
14.320,-0.498,3.04,0.00150,3.08
14.330,-0.486,3.03,0.0105,3.07
14.340,-0.474,3.03,0.00,3.07
14.350,-0.496,3.03,0.0105,3.07
14.360,-0.480,3.03,0.00900,3.07
14.370,-0.469,3.03,0.00450,3.06
14.380,-0.481,3.04,0.0255,3.08
14.390,-0.474,3.02,0.00600,3.06
14.400,-0.481,3.04,0.00300,3.08
14.410,-0.493,3.03,0.00600,3.07
14.420,-0.481,3.03,0.0105,3.07
14.430,-0.471,3.03,0.0285,3.06
14.440,-0.471,3.02,0.0255,3.06
14.450,-0.489,3.02,0.0285,3.06
14.460,-0.479,3.04,0.0105,3.07
14.470,-0.477,3.02,0.00900,3.06
14.480,-0.489,3.02,0.00600,3.06
14.490,-0.495,3.02,0.00900,3.06
14.500,-0.479,3.02,0.0105,3.06
14.510,-0.481,3.03,0.0330,3.07
14.520,-0.479,3.03,0.00,3.07
14.530,-0.474,3.04,0.0105,3.07
14.540,-0.489,3.03,0.0135,3.07
14.550,-0.489,3.03,0.0180,3.07
14.560,-0.486,3.03,0.0135,3.07
14.570,-0.486,3.02,0.0255,3.06
14.580,-0.481,3.03,0.0180,3.07
14.590,-0.481,3.03,0.0105,3.07
14.600,-0.487,3.02,0.00900,3.06
14.610,-0.493,3.03,0.0210,3.07
14.620,-0.480,3.03,0.00900,3.07
14.630,-0.483,3.03,0.0120,3.07
14.640,-0.481,3.02,0.0105,3.06
14.650,-0.481,3.03,0.00600,3.07
14.660,-0.477,3.03,0.00450,3.07
14.670,-0.479,3.02,0.0180,3.06
14.680,-0.479,3.02,-0.00300,3.06
14.690,-0.486,3.03,0.0180,3.07
14.700,-0.495,3.03,0.00450,3.07
14.710,-0.479,3.03,0.0135,3.07
14.720,-0.474,3.04,0.00,3.08
14.730,-0.486,3.02,0.00600,3.06
14.740,-0.495,3.03,-0.00150,3.07
14.750,-0.481,3.04,0.0210,3.08
14.760,-0.487,3.03,0.0240,3.07
14.770,-0.479,3.04,0.0105,3.07
14.780,-0.480,3.03,0.00900,3.07
14.790,-0.495,3.04,0.0240,3.08
14.800,-0.472,3.02,0.0120,3.06
14.810,-0.487,3.01,0.0240,3.05
14.820,-0.483,3.02,0.0195,3.06
14.830,-0.489,3.04,0.0105,3.08
14.840,-0.493,3.03,0.0135,3.07
14.850,-0.491,3.02,0.0120,3.06
14.860,-0.477,3.03,0.0195,3.07
14.870,-0.480,3.04,0.0165,3.07
14.880,-0.493,3.04,0.00300,3.08
14.890,-0.477,3.02,0.0120,3.06
14.900,-0.483,3.04,0.0195,3.08
14.910,-0.495,3.02,0.0165,3.06
14.920,-0.504,3.03,0.00600,3.07
14.930,-0.480,3.04,0.0240,3.07
14.940,-0.493,3.03,0.0135,3.07
14.950,-0.487,3.03,0.0120,3.07
14.960,-0.489,3.03,0.00600,3.07
14.970,-0.499,3.02,0.0105,3.06
14.980,-0.479,3.04,0.0255,3.08
14.990,-0.471,3.03,0.0210,3.07
15.000,-0.444,4.01,0.0315,4.04
15.010,-0.441,4.01,0.0285,4.03
15.020,-0.435,4.02,0.0330,4.04
15.030,-0.445,4.02,0.0360,4.04
15.040,-0.456,4.02,0.0285,4.04
15.050,-0.445,4.02,0.0330,4.05
15.060,-0.452,4.02,0.0420,4.04
15.070,-0.441,4.01,0.0360,4.03
15.080,-0.437,4.00,0.0465,4.03
15.090,-0.445,4.02,0.0360,4.04
15.100,-0.444,4.03,0.0315,4.06
15.110,-0.453,4.00,0.0180,4.03
15.120,-0.439,4.01,0.0390,4.04
15.130,-0.452,4.02,0.0345,4.05
15.140,-0.447,4.01,0.0465,4.04
15.150,-0.462,4.02,0.0495,4.04
15.160,-0.453,4.02,0.0330,4.04
15.170,-0.441,4.02,0.0210,4.04
15.180,-0.453,4.01,0.0330,4.04
15.190,-0.441,4.01,0.0405,4.04
15.200,-0.447,4.01,0.0390,4.04
15.210,-0.437,4.03,0.0315,4.05
15.220,-0.439,4.02,0.0420,4.04
15.230,-0.456,4.01,0.0285,4.04
15.240,-0.441,4.01,0.0330,4.04
15.250,-0.438,4.00,0.0405,4.03
15.260,-0.447,4.00,0.0270,4.03
15.270,-0.438,4.01,0.0435,4.03
15.280,-0.447,4.02,0.0420,4.05
15.290,-0.452,4.02,0.0270,4.04
15.300,-0.445,4.02,0.0285,4.04
15.310,-0.444,4.01,0.0270,4.03
15.320,-0.445,4.01,0.0210,4.04
15.330,-0.453,4.01,0.0255,4.04
15.340,-0.453,4.01,0.0330,4.04
15.350,-0.452,4.02,0.0270,4.05
15.360,-0.444,4.02,0.0420,4.05
15.370,-0.452,4.02,0.0390,4.05
15.380,-0.447,4.01,0.0240,4.03
15.390,-0.454,4.01,0.0390,4.03
15.400,-0.449,4.01,0.0480,4.04
15.410,-0.439,4.03,0.0270,4.05
15.420,-0.447,4.02,0.0420,4.04
15.430,-0.445,4.01,0.0285,4.04
15.440,-0.429,4.02,0.0345,4.05
15.450,-0.460,4.03,0.0360,4.06
15.460,-0.447,4.02,0.0390,4.05
15.470,-0.438,4.03,0.0435,4.05
15.480,-0.447,4.03,0.0465,4.05
15.490,-0.452,4.02,0.0315,4.04
15.500,-0.449,4.01,0.0435,4.04
15.510,-0.458,4.01,0.0390,4.03
15.520,-0.452,4.03,0.0465,4.05
15.530,-0.438,4.02,0.0435,4.04
15.540,-0.445,4.01,0.0435,4.03
15.550,-0.449,4.01,0.0330,4.03
15.560,-0.441,4.02,0.0360,4.05
15.570,-0.439,4.00,0.0315,4.02
15.580,-0.449,4.03,0.0435,4.06
15.590,-0.458,4.02,0.0420,4.05
15.600,-0.438,4.02,0.0405,4.04
15.610,-0.453,4.02,0.0330,4.04
15.620,-0.453,4.02,0.0435,4.04
15.630,-0.456,4.02,0.0435,4.05
15.640,-0.460,4.02,0.0330,4.04
15.650,-0.445,4.02,0.0330,4.04
15.660,-0.453,4.01,0.0285,4.03
15.670,-0.445,4.01,0.0405,4.03
15.680,-0.438,4.01,0.0285,4.03
15.690,-0.454,4.01,0.0315,4.04
15.700,-0.449,4.01,0.0360,4.04
15.710,-0.439,4.01,0.0390,4.04
15.720,-0.439,4.02,0.0390,4.05
15.730,-0.452,4.01,0.0240,4.04
15.740,-0.438,4.01,0.0435,4.04
15.750,-0.438,4.01,0.0360,4.04
15.760,-0.438,4.01,0.0435,4.04
15.770,-0.444,4.02,0.0345,4.04
15.780,-0.441,4.01,0.0585,4.03
15.790,-0.449,4.02,0.0285,4.04
15.800,-0.439,4.01,0.0345,4.04
15.810,-0.445,4.01,0.0285,4.03
15.820,-0.460,4.01,0.0285,4.03
15.830,-0.438,4.01,0.0405,4.04
15.840,-0.430,4.01,0.0480,4.04
15.850,-0.460,4.01,0.0330,4.03
15.860,-0.445,4.00,0.0405,4.03
15.870,-0.435,4.02,0.0360,4.05
15.880,-0.454,4.01,0.0465,4.03
15.890,-0.445,4.01,0.0285,4.04
15.900,-0.441,4.02,0.0360,4.05
15.910,-0.441,4.01,0.0435,4.03
15.920,-0.447,4.03,0.0270,4.05
15.930,-0.444,4.01,0.0270,4.03
15.940,-0.449,4.02,0.0285,4.05
15.950,-0.463,4.02,0.0285,4.05
15.960,-0.444,4.01,0.0495,4.04
15.970,-0.449,4.01,0.0285,4.04
15.980,-0.449,4.02,0.0405,4.04
15.990,-0.454,4.01,0.0465,4.04
16.000,-0.445,4.01,0.0210,4.03
16.010,-0.445,4.02,0.0405,4.04
16.020,-0.439,4.01,0.0420,4.04
16.030,-0.435,4.00,0.0435,4.03
16.040,-0.452,4.02,0.0420,4.04
16.050,-0.439,4.01,0.0345,4.04
16.060,-0.449,4.01,0.0330,4.03
16.070,-0.454,4.02,0.0465,4.05
16.080,-0.439,4.02,0.0315,4.05
16.090,-0.447,4.00,0.0465,4.03
16.100,-0.447,4.05,0.0390,4.07
16.110,-0.447,4.03,0.0315,4.06
16.120,-0.453,4.03,0.0330,4.06
16.130,-0.444,4.05,0.0240,4.07
16.140,-0.445,4.05,0.0435,4.07
16.150,-0.447,4.03,0.0495,4.06
16.160,-0.435,4.03,0.0360,4.05
16.170,-0.453,4.03,0.0285,4.05
16.180,-0.438,4.02,0.0360,4.05
16.190,-0.441,4.03,0.0405,4.06
16.200,-0.432,4.03,0.0390,4.05
16.210,-0.452,4.02,0.0315,4.05
16.220,-0.437,4.02,0.0465,4.04
16.230,-0.456,4.02,0.0435,4.05
16.240,-0.452,4.01,0.0420,4.03
16.250,-0.453,4.02,0.0405,4.05
16.260,-0.437,4.03,0.0345,4.05
16.270,-0.462,4.02,0.0420,4.04
16.280,-0.445,4.03,0.0285,4.06
16.290,-0.452,4.04,0.0420,4.06
16.300,-0.447,4.02,0.0390,4.04
16.310,-0.458,4.01,0.0345,4.03
16.320,-0.458,4.02,0.0420,4.05
16.330,-0.449,4.04,0.0285,4.06
16.340,-0.445,4.03,0.0285,4.05
16.350,-0.435,4.03,0.0360,4.05
16.360,-0.429,4.04,0.0345,4.06
16.370,-0.441,4.02,0.0330,4.05
16.380,-0.445,4.04,0.0405,4.06
16.390,-0.449,4.01,0.0360,4.03
16.400,-0.435,4.02,0.0360,4.05
16.410,-0.437,4.03,0.0465,4.05
16.420,-0.444,4.02,0.0420,4.04
16.430,-0.454,4.00,0.0390,4.03
16.440,-0.439,4.02,0.0390,4.05
16.450,-0.445,4.02,0.0360,4.05
16.460,-0.445,4.02,0.0360,4.05
16.470,-0.429,4.03,0.0390,4.05
16.480,-0.447,4.03,0.0390,4.06
16.490,-0.437,4.02,0.0420,4.04
16.500,-0.445,4.02,0.0405,4.05
16.510,-0.444,4.02,0.0345,4.04
16.520,-0.453,4.04,0.0435,4.06
16.530,-0.438,4.01,0.0285,4.04
16.540,-0.453,4.02,0.0330,4.05
16.550,-0.454,4.02,0.0390,4.05
16.560,-0.458,4.03,0.0270,4.06
16.570,-0.437,4.03,0.0390,4.05
16.580,-0.445,4.02,0.0405,4.05
16.590,-0.447,4.03,0.0345,4.06
16.600,-0.449,4.02,0.0330,4.05
16.610,-0.437,4.02,0.0270,4.04
16.620,-0.447,4.03,0.0465,4.05
16.630,-0.445,4.01,0.0360,4.04
16.640,-0.445,4.02,0.0360,4.04
16.650,-0.452,4.02,0.0420,4.05
16.660,-0.438,4.02,0.0510,4.05
16.670,-0.444,4.02,0.0420,4.04
16.680,-0.445,4.02,0.0285,4.05
16.690,-0.444,4.03,0.0345,4.06
16.700,-0.441,4.02,0.0405,4.05
16.710,-0.441,4.02,0.0285,4.04
16.720,-0.441,4.02,0.0435,4.05
16.730,-0.444,4.03,0.0345,4.05
16.740,-0.447,4.04,0.0495,4.07
16.750,-0.453,4.01,0.0405,4.03
16.760,-0.453,4.03,0.0360,4.05
16.770,-0.437,4.02,0.0345,4.05
16.780,-0.445,4.01,0.0360,4.04
16.790,-0.449,4.03,0.0480,4.05
16.800,-0.444,4.02,0.0315,4.04
16.810,-0.453,4.01,0.0330,4.04
16.820,-0.449,4.02,0.0435,4.05
16.830,-0.441,4.02,0.0435,4.05
16.840,-0.447,4.02,0.0420,4.04
16.850,-0.441,4.02,0.0480,4.05
16.860,-0.449,4.01,0.0360,4.04
16.870,-0.438,4.02,0.0480,4.05
16.880,-0.449,4.02,0.0360,4.04
16.890,-0.444,4.02,0.0390,4.04
16.900,-0.458,4.02,0.0270,4.04
16.910,-0.453,4.03,0.0330,4.06
16.920,-0.439,4.01,0.0390,4.04
16.930,-0.460,4.01,0.0330,4.04
16.940,-0.441,4.02,0.0360,4.05
16.950,-0.447,4.02,0.0495,4.05
16.960,-0.437,4.03,0.0270,4.05
16.970,-0.452,4.01,0.0315,4.04
16.980,-0.445,4.02,0.0285,4.05
16.990,-0.458,4.02,0.0495,4.05
17.000,-0.449,4.04,0.0330,4.06
17.010,-0.437,4.02,0.0390,4.04
17.020,-0.460,4.02,0.0330,4.04
17.030,-0.456,4.02,0.0360,4.04
17.040,-0.452,4.02,0.0345,4.05
17.050,-0.441,4.02,0.0360,4.04
17.060,-0.453,4.01,0.0210,4.04
17.070,-0.444,4.02,0.0345,4.04
17.080,-0.438,4.01,0.0405,4.03
17.090,-0.444,4.02,0.0345,4.04
17.100,-0.438,4.01,0.0330,4.04
17.110,-0.453,4.02,0.0405,4.05
17.120,-0.439,4.01,0.0420,4.03
17.130,-0.441,4.02,0.0210,4.05
17.140,-0.441,4.04,0.0360,4.06
17.150,-0.454,4.03,0.0315,4.06
17.160,-0.444,4.05,0.0465,4.07
17.170,-0.441,4.04,0.0405,4.06
17.180,-0.445,4.04,0.0330,4.07
17.190,-0.449,4.04,0.0405,4.06
17.200,-0.460,4.04,0.0330,4.07
17.210,-0.445,4.03,0.0330,4.06
17.220,-0.438,4.03,0.0285,4.06
17.230,-0.445,4.03,0.0435,4.05
17.240,-0.445,4.04,0.0435,4.06
17.250,-0.454,4.04,0.0315,4.06
17.260,-0.453,4.03,0.0405,4.06
17.270,-0.453,4.02,0.0435,4.04
17.280,-0.447,4.03,0.0420,4.06
17.290,-0.445,4.04,0.0285,4.06
17.300,-0.449,4.03,0.0405,4.06
17.310,-0.437,4.03,0.0390,4.06
17.320,-0.441,4.05,0.0330,4.07
17.330,-0.449,4.05,0.0360,4.07
17.340,-0.449,4.04,0.0255,4.06
17.350,-0.441,4.03,0.0435,4.05
17.360,-0.447,4.03,0.0420,4.06
17.370,-0.452,4.02,0.0465,4.05
17.380,-0.441,4.04,0.0330,4.06
17.390,-0.444,4.03,0.0420,4.06
17.400,-0.452,4.04,0.0495,4.06
17.410,-0.454,4.03,0.0495,4.06
17.420,-0.453,4.04,0.0210,4.07
17.430,-0.453,4.04,0.0435,4.06
17.440,-0.435,4.03,0.0480,4.06
17.450,-0.447,4.03,0.0420,4.05
17.460,-0.444,4.03,0.0345,4.06
17.470,-0.447,4.03,0.0465,4.06
17.480,-0.439,4.04,0.0420,4.07
17.490,-0.453,4.04,0.0330,4.06
17.500,-0.444,4.04,0.0315,4.07
17.510,-0.445,4.02,0.0555,4.04
17.520,-0.456,4.02,0.0405,4.04
17.530,-0.432,4.03,0.0390,4.06
17.540,-0.449,4.04,0.0405,4.06
17.550,-0.458,4.03,0.0345,4.06
17.560,-0.439,4.03,0.0315,4.06
17.570,-0.441,4.03,0.0405,4.06
17.580,-0.444,4.04,0.0315,4.06
17.590,-0.444,4.03,0.0270,4.05
17.600,-0.447,4.03,0.0240,4.06
17.610,-0.444,4.03,0.0345,4.06
17.620,-0.424,4.03,0.0390,4.05
17.630,-0.438,4.04,0.0480,4.06
17.640,-0.462,4.03,0.0315,4.06
17.650,-0.438,4.02,0.0510,4.05
17.660,-0.453,4.04,0.0480,4.07
17.670,-0.444,4.03,0.0390,4.05
17.680,-0.449,4.04,0.0285,4.07
17.690,-0.438,4.02,0.0405,4.05
17.700,-0.452,4.04,0.0270,4.06
17.710,-0.444,4.04,0.0240,4.06
17.720,-0.439,4.03,0.0270,4.05
17.730,-0.437,4.04,0.0315,4.06
17.740,-0.454,4.02,0.0420,4.05
17.750,-0.456,4.02,0.0330,4.05
17.760,-0.438,4.04,0.0360,4.06
17.770,-0.439,4.04,0.0270,4.06
17.780,-0.437,4.02,0.0345,4.05
17.790,-0.449,4.03,0.0435,4.05
17.800,-0.441,4.02,0.0330,4.05
17.810,-0.453,4.02,0.0360,4.05
17.820,-0.441,4.03,0.0405,4.05
17.830,-0.439,4.03,0.0390,4.05
17.840,-0.452,4.02,0.0315,4.05
17.850,-0.447,4.03,0.0270,4.05
17.860,-0.445,4.04,0.0480,4.06
17.870,-0.439,4.03,0.0345,4.05
17.880,-0.441,4.04,0.0435,4.06
17.890,-0.437,4.03,0.0315,4.06
17.900,-0.445,4.02,0.0405,4.05
17.910,-0.445,4.03,0.0360,4.06
17.920,-0.439,4.03,0.0420,4.05
17.930,-0.452,4.04,0.0420,4.07
17.940,-0.449,4.04,0.0360,4.06
17.950,-0.452,4.02,0.0465,4.05
17.960,-0.441,4.04,0.0210,4.06
17.970,-0.439,4.02,0.0465,4.05
17.980,-0.445,4.03,0.0510,4.05
17.990,-0.453,4.03,0.0480,4.05
18.000,-0.409,4.97,0.0660,4.99
18.010,-0.432,4.97,0.0570,4.99
18.020,-0.429,4.96,0.0645,4.98
18.030,-0.424,4.98,0.0750,5.00
18.040,-0.419,4.98,0.0675,5.00
18.050,-0.428,4.99,0.0660,5.00
18.060,-0.423,4.96,0.0585,4.98
18.070,-0.423,4.97,0.0705,4.99
18.080,-0.437,4.96,0.0540,4.98
18.090,-0.435,4.96,0.0555,4.98
18.100,-0.429,4.97,0.0570,4.99
18.110,-0.423,4.98,0.0585,4.99
18.120,-0.420,4.97,0.0585,4.99
18.130,-0.430,4.97,0.0660,4.99
18.140,-0.414,4.97,0.0675,4.99
18.150,-0.435,4.97,0.0585,4.99
18.160,-0.421,4.96,0.0495,4.98
18.170,-0.406,4.98,0.0675,5.00
18.180,-0.420,4.96,0.0780,4.98
18.190,-0.419,4.97,0.0570,4.98
18.200,-0.421,4.96,0.0720,4.98
18.210,-0.412,4.96,0.0510,4.98
18.220,-0.430,4.95,0.0585,4.97
18.230,-0.435,4.97,0.0555,4.99
18.240,-0.424,4.97,0.0495,4.99
18.250,-0.430,4.97,0.0705,4.99
18.260,-0.432,4.97,0.0720,4.99
18.270,-0.421,4.97,0.0600,4.98
18.280,-0.429,4.97,0.0600,4.99
18.290,-0.429,4.98,0.0645,5.00
18.300,-0.424,4.97,0.0645,4.99
18.310,-0.406,4.96,0.0570,4.98
18.320,-0.423,4.97,0.0630,4.99
18.330,-0.429,4.98,0.0675,5.00
18.340,-0.424,4.97,0.0675,4.99
18.350,-0.430,4.98,0.0585,5.00
18.360,-0.432,4.98,0.0645,5.00
18.370,-0.430,4.98,0.0660,5.00
18.380,-0.414,4.97,0.0600,4.99
18.390,-0.419,4.96,0.0570,4.98
18.400,-0.421,4.96,0.0570,4.98
18.410,-0.415,4.96,0.0585,4.98
18.420,-0.414,4.97,0.0600,4.99
18.430,-0.424,4.97,0.0645,4.99
18.440,-0.412,4.97,0.0630,4.99
18.450,-0.421,4.97,0.0675,4.98
18.460,-0.429,4.96,0.0675,4.98
18.470,-0.414,4.97,0.0750,4.99
18.480,-0.420,4.96,0.0480,4.98
18.490,-0.437,4.97,0.0570,4.99
18.500,-0.438,4.98,0.0705,5.00
18.510,-0.423,4.99,0.0585,5.00
18.520,-0.429,4.98,0.0570,5.00
18.530,-0.414,4.98,0.0600,5.00
18.540,-0.414,4.97,0.0600,4.99
18.550,-0.421,4.98,0.0720,5.00
18.560,-0.421,4.98,0.0675,5.00
18.570,-0.420,4.97,0.0630,4.99
18.580,-0.411,4.99,0.0570,5.00
18.590,-0.420,4.97,0.0585,4.99
18.600,-0.415,4.98,0.0510,4.99
18.610,-0.424,4.96,0.0645,4.98
18.620,-0.411,4.97,0.0675,4.99
18.630,-0.414,4.97,0.0570,4.99
18.640,-0.419,4.97,0.0540,4.99
18.650,-0.409,4.97,0.0735,4.99
18.660,-0.430,4.97,0.0510,4.99
18.670,-0.420,4.97,0.0660,4.99
18.680,-0.423,4.98,0.0780,4.99
18.690,-0.409,4.96,0.0480,4.98
18.700,-0.415,4.97,0.0510,4.99
18.710,-0.432,4.98,0.0600,5.00
18.720,-0.415,4.97,0.0555,4.99
18.730,-0.414,4.98,0.0495,5.00
18.740,-0.414,4.98,0.0465,4.99
18.750,-0.428,4.96,0.0585,4.98
18.760,-0.419,4.98,0.0720,5.00
18.770,-0.423,4.97,0.0630,4.99
18.780,-0.423,4.98,0.0660,5.00
18.790,-0.423,4.98,0.0510,4.99
18.800,-0.414,4.99,0.0540,5.00
18.810,-0.424,4.96,0.0570,4.98
18.820,-0.419,4.97,0.0570,4.99
18.830,-0.420,4.99,0.0705,5.00
18.840,-0.415,4.97,0.0630,4.99
18.850,-0.430,4.97,0.0630,4.99
18.860,-0.428,4.98,0.0555,4.99
18.870,-0.421,4.98,0.0645,5.00
18.880,-0.429,4.99,0.0570,5.01
18.890,-0.421,4.97,0.0495,4.99
18.900,-0.429,4.97,0.0540,4.99
18.910,-0.415,4.98,0.0510,4.99
18.920,-0.428,4.96,0.0555,4.98
18.930,-0.421,4.97,0.0720,4.99
18.940,-0.423,4.98,0.0630,5.00
18.950,-0.420,4.97,0.0705,4.99
18.960,-0.419,4.98,0.0570,4.99
18.970,-0.428,4.97,0.0555,4.99
18.980,-0.419,4.98,0.0645,5.00
18.990,-0.430,4.98,0.0630,4.99
19.000,-0.419,4.98,0.0675,5.00
19.010,-0.419,4.97,0.0600,4.99
19.020,-0.432,4.98,0.0570,5.00
19.030,-0.419,4.98,0.0570,4.99
19.040,-0.414,4.96,0.0570,4.98
19.050,-0.415,4.98,0.0585,4.99
19.060,-0.412,4.97,0.0585,4.99
19.070,-0.421,4.97,0.0645,4.98
19.080,-0.414,4.98,0.0720,4.99
19.090,-0.419,4.96,0.0600,4.97
19.100,-0.420,4.96,0.0585,4.98
19.110,-0.415,4.97,0.0660,4.99
19.120,-0.429,4.97,0.0540,4.99
19.130,-0.423,4.98,0.0630,5.00
19.140,-0.424,4.97,0.0495,4.99
19.150,-0.419,4.97,0.0540,4.99
19.160,-0.428,4.98,0.0555,5.00
19.170,-0.411,4.97,0.0600,4.99
19.180,-0.420,4.97,0.0555,4.99
19.190,-0.414,4.97,0.0645,4.99
19.200,-0.420,4.98,0.0630,5.00
19.210,-0.429,4.99,0.0675,5.01
19.220,-0.423,4.97,0.0660,4.99
19.230,-0.421,4.97,0.0645,4.99
19.240,-0.438,4.98,0.0480,4.99
19.250,-0.421,4.97,0.0600,4.99
19.260,-0.429,4.97,0.0570,4.99
19.270,-0.430,4.96,0.0585,4.98
19.280,-0.424,4.98,0.0570,5.00
19.290,-0.412,4.96,0.0480,4.98
19.300,-0.429,4.97,0.0570,4.99
19.310,-0.415,4.96,0.0660,4.98
19.320,-0.423,4.97,0.0510,4.99
19.330,-0.402,4.97,0.0555,4.99
19.340,-0.421,4.98,0.0645,5.00
19.350,-0.419,4.96,0.0540,4.98
19.360,-0.428,4.98,0.0480,5.00
19.370,-0.423,4.97,0.0660,4.99
19.380,-0.420,4.99,0.0630,5.01
19.390,-0.414,4.97,0.0600,4.98
19.400,-0.420,4.96,0.0585,4.98
19.410,-0.419,4.97,0.0600,4.99
19.420,-0.437,4.97,0.0465,4.99
19.430,-0.421,4.97,0.0570,4.99
19.440,-0.420,4.96,0.0585,4.98
19.450,-0.415,4.98,0.0660,5.00
19.460,-0.429,4.97,0.0645,4.99
19.470,-0.435,4.98,0.0585,4.99
19.480,-0.428,4.99,0.0735,5.01
19.490,-0.412,4.96,0.0660,4.98
19.500,-0.432,4.97,0.0540,4.99
19.510,-0.419,4.97,0.0570,4.99
19.520,-0.419,4.97,0.0720,4.99
19.530,-0.419,4.96,0.0570,4.97
19.540,-0.421,4.97,0.0645,4.99
19.550,-0.430,4.96,0.0555,4.98
19.560,-0.420,4.98,0.0585,4.99
19.570,-0.423,4.96,0.0660,4.98
19.580,-0.424,4.97,0.0540,4.98
19.590,-0.402,4.96,0.0630,4.98
19.600,-0.420,4.98,0.0630,4.99
19.610,-0.428,4.97,0.0585,4.99
19.620,-0.421,4.98,0.0495,5.00
19.630,-0.412,4.98,0.0630,4.99
19.640,-0.428,4.98,0.0585,4.99
19.650,-0.421,4.98,0.0675,5.00
19.660,-0.420,4.95,0.0660,4.97
19.670,-0.406,4.96,0.0540,4.98
19.680,-0.435,4.96,0.0555,4.98
19.690,-0.415,4.98,0.0660,5.00
19.700,-0.424,4.98,0.0645,5.00
19.710,-0.419,4.97,0.0570,4.98
19.720,-0.415,4.97,0.0480,4.99
19.730,-0.419,4.96,0.0645,4.98
19.740,-0.419,4.96,0.0645,4.98
19.750,-0.419,4.97,0.0750,4.99
19.760,-0.421,4.98,0.0675,5.00
19.770,-0.419,4.96,0.0570,4.98
19.780,-0.411,4.97,0.0570,4.98
19.790,-0.423,4.97,0.0660,4.99
19.800,-0.430,4.96,0.0480,4.98
19.810,-0.423,4.96,0.0630,4.98
19.820,-0.435,4.98,0.0555,4.99
19.830,-0.420,4.97,0.0660,4.99
19.840,-0.423,4.95,0.0480,4.97
19.850,-0.423,4.97,0.0705,4.99
19.860,-0.415,4.97,0.0660,4.99
19.870,-0.415,4.97,0.0585,4.99
19.880,-0.437,4.98,0.0570,5.00
19.890,-0.423,4.96,0.0705,4.98
19.900,-0.415,4.97,0.0660,4.99
19.910,-0.402,4.98,0.0555,4.99
19.920,-0.430,4.98,0.0585,5.00
19.930,-0.424,4.97,0.0600,4.99
19.940,-0.423,4.95,0.0435,4.97
19.950,-0.423,4.96,0.0735,4.98
19.960,-0.437,4.96,0.0570,4.98
19.970,-0.423,4.98,0.0660,5.00
19.980,-0.423,4.97,0.0585,4.99
19.990,-0.421,4.98,0.0540,5.00
20.000,-0.423,4.96,0.0735,4.98
20.010,-0.419,4.97,0.0540,4.99
20.020,-0.421,4.97,0.0675,4.99
20.030,-0.419,4.97,0.0750,4.99
20.040,-0.420,4.96,0.0555,4.98
20.050,-0.420,4.96,0.0555,4.98
20.060,-0.429,4.96,0.0720,4.98
20.070,-0.415,4.97,0.0480,4.99
20.080,-0.430,4.98,0.0705,4.99
20.090,-0.415,4.96,0.0780,4.98
20.100,-0.424,4.97,0.0465,4.99
20.110,-0.414,4.96,0.0570,4.98
20.120,-0.414,4.96,0.0600,4.98
20.130,-0.429,4.97,0.0570,4.99
20.140,-0.421,4.95,0.0645,4.97
20.150,-0.414,4.95,0.0570,4.97
20.160,-0.429,4.97,0.0570,4.99
20.170,-0.420,4.97,0.0585,4.99
20.180,-0.406,4.97,0.0540,4.99
20.190,-0.415,4.97,0.0510,4.99
20.200,-0.409,4.98,0.0555,4.99
20.210,-0.414,4.96,0.0675,4.97
20.220,-0.438,4.97,0.0555,4.99
20.230,-0.411,4.96,0.0570,4.98
20.240,-0.435,4.97,0.0660,4.99
20.250,-0.419,4.97,0.0645,4.99
20.260,-0.423,4.97,0.0555,4.99
20.270,-0.409,4.96,0.0660,4.98
20.280,-0.415,4.96,0.0405,4.98
20.290,-0.414,4.97,0.0645,4.99
20.300,-0.412,4.97,0.0480,4.99
20.310,-0.419,4.97,0.0540,4.98
20.320,-0.421,4.98,0.0645,5.00
20.330,-0.414,4.97,0.0540,4.98
20.340,-0.421,4.96,0.0675,4.98
20.350,-0.438,4.96,0.0705,4.98
20.360,-0.444,4.98,0.0675,5.00
20.370,-0.424,4.96,0.0675,4.98
20.380,-0.420,4.97,0.0630,4.99
20.390,-0.411,4.97,0.0570,4.99
20.400,-0.429,4.95,0.0540,4.97
20.410,-0.424,4.98,0.0570,5.00
20.420,-0.414,4.97,0.0720,4.99
20.430,-0.421,4.97,0.0495,4.99
20.440,-0.429,4.97,0.0645,4.99
20.450,-0.414,4.96,0.0570,4.98
20.460,-0.423,4.97,0.0555,4.99
20.470,-0.432,4.96,0.0675,4.98
20.480,-0.435,4.97,0.0585,4.99
20.490,-0.437,4.96,0.0570,4.98
20.500,-0.424,4.96,0.0465,4.97
20.510,-0.428,4.98,0.0735,5.00
20.520,-0.424,4.97,0.0645,4.99
20.530,-0.414,4.97,0.0600,4.99
20.540,-0.421,4.97,0.0645,4.99
20.550,-0.429,4.96,0.0600,4.98
20.560,-0.430,4.98,0.0630,4.99
20.570,-0.428,4.97,0.0555,4.99
20.580,-0.419,4.97,0.0540,4.98
20.590,-0.405,4.97,0.0630,4.99
20.600,-0.439,4.96,0.0600,4.98
20.610,-0.421,4.99,0.0420,5.01
20.620,-0.419,4.96,0.0540,4.97
20.630,-0.419,4.96,0.0600,4.97
20.640,-0.420,4.96,0.0510,4.98
20.650,-0.409,4.97,0.0660,4.99
20.660,-0.424,4.95,0.0600,4.97
20.670,-0.420,4.96,0.0585,4.98
20.680,-0.423,4.95,0.0630,4.97
20.690,-0.411,4.97,0.0645,4.99
20.700,-0.412,4.96,0.0660,4.98
20.710,-0.424,4.97,0.0720,4.99
20.720,-0.415,4.97,0.0660,4.99
20.730,-0.432,4.97,0.0540,4.99
20.740,-0.421,4.97,0.0570,4.99
20.750,-0.423,4.96,0.0705,4.98
20.760,-0.432,4.95,0.0645,4.97
20.770,-0.430,4.96,0.0585,4.98
20.780,-0.421,4.97,0.0420,4.99
20.790,-0.424,4.96,0.0675,4.98
20.800,-0.432,4.96,0.0495,4.98
20.810,-0.435,4.97,0.0660,4.99
20.820,-0.412,4.96,0.0630,4.98
20.830,-0.428,4.98,0.0555,5.00
20.840,-0.420,4.97,0.0585,4.99
20.850,-0.411,4.96,0.0600,4.98
20.860,-0.419,4.97,0.0495,4.99
20.870,-0.420,4.97,0.0585,4.99
20.880,-0.428,4.96,0.0660,4.98
20.890,-0.429,4.97,0.0570,4.99
20.900,-0.423,4.95,0.0480,4.97
20.910,-0.423,4.98,0.0510,5.00
20.920,-0.432,4.97,0.0645,4.99
20.930,-0.428,4.97,0.0555,4.99
20.940,-0.424,4.97,0.0600,4.99
20.950,-0.428,4.95,0.0555,4.97
20.960,-0.424,4.96,0.0675,4.98
20.970,-0.419,4.98,0.0720,5.00
20.980,-0.424,4.97,0.0675,4.99
20.990,-0.429,4.97,0.0720,4.99
21.000,-0.387,5.98,0.0735,5.99
21.010,-0.398,5.99,0.0930,6.01
21.020,-0.393,5.99,0.0750,6.00
21.030,-0.385,5.99,0.0900,6.00
21.040,-0.389,5.99,0.0900,6.00
21.050,-0.396,5.97,0.0795,5.99
21.060,-0.394,5.97,0.0960,5.99
21.070,-0.406,5.99,0.0945,6.00
21.080,-0.412,5.99,0.0810,6.00
21.090,-0.390,6.00,0.0960,6.01
21.100,-0.404,5.98,0.0945,5.99
21.110,-0.402,5.99,0.0930,6.01
21.120,-0.387,6.00,0.0780,6.01
21.130,-0.394,5.99,0.100,6.01
21.140,-0.398,5.99,0.0780,6.00
21.150,-0.402,5.99,0.100,6.01
21.160,-0.399,5.99,0.0900,6.00
21.170,-0.402,5.98,0.0930,5.99
21.180,-0.414,5.98,0.0795,5.99
21.190,-0.398,5.98,0.0930,5.99
21.200,-0.402,5.99,0.0930,6.01
21.210,-0.411,5.98,0.0945,6.00
21.220,-0.411,5.98,0.0945,5.99
21.230,-0.394,5.98,0.0930,5.99
21.240,-0.399,5.98,0.0795,5.99
21.250,-0.396,5.96,0.0900,5.98
21.260,-0.405,5.98,0.0810,5.99
21.270,-0.385,5.99,0.0750,6.00
21.280,-0.402,5.97,0.0885,5.98
21.290,-0.402,5.97,0.0810,5.99
21.300,-0.390,5.99,0.0960,6.00
21.310,-0.396,5.97,0.0825,5.99
21.320,-0.381,5.98,0.0720,5.99
21.330,-0.398,5.97,0.0855,5.98
21.340,-0.399,5.96,0.0750,5.98
21.350,-0.385,5.98,0.0870,5.99
21.360,-0.406,5.98,0.0720,5.99
21.370,-0.406,5.97,0.0945,5.98
21.380,-0.399,5.98,0.0870,5.99
21.390,-0.404,5.97,0.0795,5.98
21.400,-0.387,6.00,0.0780,6.01
21.410,-0.399,5.99,0.0825,6.00
21.420,-0.409,5.99,0.0660,6.00
21.430,-0.409,5.97,0.0855,5.98
21.440,-0.399,5.98,0.0825,6.00
21.450,-0.394,5.98,0.0885,5.99
21.460,-0.398,5.97,0.0855,5.99
21.470,-0.406,5.99,0.0825,6.00
21.480,-0.404,5.97,0.0795,5.99
21.490,-0.399,5.95,0.0825,5.96
21.500,-0.394,5.98,0.0855,5.99
21.510,-0.387,5.97,0.0855,5.99
21.520,-0.390,5.96,0.0885,5.98
21.530,-0.404,5.97,0.0975,5.99
21.540,-0.402,5.98,0.0855,5.99
21.550,-0.404,5.98,0.0870,5.99
21.560,-0.396,5.98,0.0975,5.99
21.570,-0.402,5.97,0.0930,5.98
21.580,-0.389,5.97,0.0900,5.98
21.590,-0.398,5.97,0.0930,5.99
21.600,-0.411,5.97,0.0975,5.98
21.610,-0.402,5.97,0.0810,5.99
21.620,-0.414,5.97,0.0900,5.98
21.630,-0.364,6.10,0.0855,6.11
21.640,-0.379,6.06,0.0810,6.07
21.650,-0.387,6.02,0.0855,6.03
21.660,-0.387,6.01,0.0930,6.02
21.670,-0.396,6.00,0.0975,6.02
21.680,-0.402,5.99,0.0855,6.01
21.690,-0.406,5.99,0.0870,6.01
21.700,-0.419,5.99,0.0795,6.0
21.710,-0.394,5.98,0.0960,5.99
21.720,-0.393,5.99,0.0900,6.00
21.730,-0.389,6.01,0.0975,6.03
21.740,-0.398,6.05,0.0780,6.07
21.750,-0.381,6.05,0.0975,6.07
21.760,-0.378,6.05,0.0975,6.07
21.770,-0.387,6.07,0.0855,6.08
21.780,-0.385,6.08,0.0720,6.09
21.790,-0.393,6.08,0.0675,6.09
21.800,-0.399,6.07,0.0795,6.08
21.810,-0.396,6.06,0.0870,6.07
21.820,-0.398,6.06,0.0735,6.08
21.830,-0.385,6.06,0.0870,6.07
21.840,-0.398,6.06,0.103,6.07
21.850,-0.389,6.06,0.0900,6.08
21.860,-0.398,6.06,0.0855,6.08
21.870,-0.393,6.06,0.0945,6.08
21.880,-0.399,6.08,0.0825,6.09
21.890,-0.394,6.06,0.0735,6.07
21.900,-0.387,6.08,0.0810,6.10
21.910,-0.378,6.09,0.0900,6.10
21.920,-0.402,6.08,0.0855,6.10
21.930,-0.387,6.08,0.0960,6.10
21.940,-0.378,6.08,0.0870,6.09
21.950,-0.379,6.08,0.0855,6.09
21.960,-0.390,6.08,0.0855,6.09
21.970,-0.383,6.06,0.0885,6.08
21.980,-0.399,6.03,0.0870,6.05
21.990,-0.406,6.04,0.0945,6.05
22.000,-0.406,6.03,0.0870,6.05
22.010,-0.379,6.06,0.100,6.08
22.020,-0.387,6.08,0.0780,6.10
22.030,-0.390,6.05,0.0810,6.06
22.040,-0.378,6.04,0.0975,6.05
22.050,-0.399,6.03,0.0975,6.04
22.060,-0.406,6.02,0.0795,6.03
22.070,-0.389,6.01,0.0945,6.03
22.080,-0.387,6.04,0.0810,6.05
22.090,-0.396,6.01,0.0825,6.03
22.100,-0.387,6.01,0.0885,6.02
22.110,-0.372,6.04,0.100,6.05
22.120,-0.394,6.06,0.0960,6.08
22.130,-0.385,6.07,0.0900,6.08
22.140,-0.389,6.06,0.0900,6.07
22.150,-0.399,6.10,0.0900,6.11
22.160,-0.394,6.07,0.0885,6.08
22.170,-0.390,6.08,0.0930,6.09
22.180,-0.379,6.08,0.0735,6.10
22.190,-0.383,6.07,0.0855,6.08
22.200,-0.396,6.08,0.0825,6.09
22.210,-0.383,6.07,0.0810,6.08
22.220,-0.383,6.08,0.0855,6.10
22.230,-0.383,6.08,0.0885,6.09
22.240,-0.383,6.08,0.0960,6.09
22.250,-0.387,6.08,0.0885,6.09
22.260,-0.383,6.08,0.0930,6.09
22.270,-0.383,6.09,0.0855,6.10
22.280,-0.390,6.09,0.0855,6.10
22.290,-0.393,6.07,0.0900,6.09
22.300,-0.393,6.08,0.0945,6.09
22.310,-0.385,6.08,0.0900,6.09
22.320,-0.393,6.06,0.0945,6.07
22.330,-0.379,6.08,0.100,6.09
22.340,-0.394,6.09,0.0780,6.10
22.350,-0.393,6.08,0.0900,6.09
22.360,-0.398,6.07,0.0810,6.09
22.370,-0.379,6.06,0.0810,6.07
22.380,-0.393,6.04,0.0825,6.06
22.390,-0.398,6.04,0.0780,6.06
22.400,-0.396,6.01,0.0945,6.03
22.410,-0.383,6.03,0.0885,6.04
22.420,-0.409,6.03,0.0855,6.04
22.430,-0.385,6.03,0.0945,6.04
22.440,-0.412,6.03,0.0780,6.04
22.450,-0.402,6.02,0.0885,6.04
22.460,-0.396,6.02,0.0795,6.03
22.470,-0.389,6.02,0.0720,6.04
22.480,-0.399,6.01,0.0750,6.03
22.490,-0.390,6.03,0.0855,6.04
22.500,-0.402,6.02,0.0855,6.04
22.510,-0.399,6.01,0.0900,6.03
22.520,-0.393,6.02,0.0720,6.03
22.530,-0.406,6.02,0.0870,6.03
22.540,-0.394,6.03,0.103,6.04
22.550,-0.405,6.02,0.0885,6.04
22.560,-0.396,6.02,0.0825,6.03
22.570,-0.394,6.02,0.103,6.03
22.580,-0.396,6.01,0.0945,6.02
22.590,-0.373,6.01,0.0795,6.03
22.600,-0.402,6.02,0.0855,6.03
22.610,-0.385,6.01,0.0750,6.03
22.620,-0.387,6.01,0.0930,6.03
22.630,-0.387,6.01,0.0960,6.02
22.640,-0.394,5.99,0.0810,6.01
22.650,-0.393,6.01,0.0825,6.03
22.660,-0.389,6.01,0.0900,6.03
22.670,-0.389,6.00,0.0945,6.01
22.680,-0.402,6.01,0.0855,6.03
22.690,-0.390,6.01,0.0885,6.02
22.700,-0.398,6.02,0.100,6.03
22.710,-0.389,6.00,0.0900,6.01
22.720,-0.393,6.00,0.0795,6.02
22.730,-0.405,6.01,0.100,6.02
22.740,-0.402,5.99,0.0855,6.00
22.750,-0.398,6.00,0.0855,6.02
22.760,-0.398,5.99,0.0885,6.00
22.770,-0.396,6.00,0.0945,6.02
22.780,-0.412,6.01,0.0885,6.03
22.790,-0.383,6.01,0.0855,6.02
22.800,-0.394,5.99,0.0735,6.01
22.810,-0.390,6.00,0.0960,6.01
22.820,-0.390,5.99,0.0885,6.0
22.830,-0.394,5.99,0.0735,6.00
22.840,-0.409,6.00,0.111,6.01
22.850,-0.385,6.00,0.0870,6.01
22.860,-0.399,6.00,0.0750,6.02
22.870,-0.404,5.99,0.0945,6.01
22.880,-0.390,6.00,0.0810,6.01
22.890,-0.394,6.00,0.0930,6.01
22.900,-0.387,5.99,0.0930,6.00
22.910,-0.399,5.99,0.0870,6.01
22.920,-0.405,6.00,0.0855,6.01
22.930,-0.389,6.00,0.0900,6.01
22.940,-0.402,5.99,0.0885,6.00
22.950,-0.390,5.99,0.0930,6.00
22.960,-0.399,5.98,0.0870,6.00
22.970,-0.390,6.00,0.0855,6.01
22.980,-0.396,5.98,0.0825,6.00
22.990,-0.406,6.01,0.0945,6.02
23.000,-0.394,5.98,0.0855,5.99
23.010,-0.406,6.00,0.0825,6.01
23.020,-0.399,5.99,0.0900,6.00
23.030,-0.389,5.99,0.0900,6.00
23.040,-0.389,5.99,0.0825,6.00
23.050,-0.394,5.99,0.0885,6.00
23.060,-0.399,5.98,0.0945,5.99
23.070,-0.411,5.99,0.0870,6.01
23.080,-0.405,5.99,0.0810,6.00
23.090,-0.394,6.00,0.0810,6.01
23.100,-0.405,5.98,0.100,6.00
23.110,-0.404,5.99,0.0795,6.01
23.120,-0.394,6.00,0.100,6.02
23.130,-0.393,5.99,0.0825,6.00
23.140,-0.398,6.00,0.0855,6.02
23.150,-0.404,6.00,0.0870,6.01
23.160,-0.394,5.99,0.0960,6.00
23.170,-0.387,5.99,0.0810,6.00
23.180,-0.390,5.99,0.0855,6.00
23.190,-0.394,6.00,0.0810,6.01
23.200,-0.405,5.99,0.0855,6.01
23.210,-0.398,5.99,0.100,6.01
23.220,-0.405,5.99,0.0735,6.01
23.230,-0.393,5.98,0.0750,5.99
23.240,-0.404,5.98,0.0900,5.99
23.250,-0.412,5.98,0.0855,6.00
23.260,-0.396,5.99,0.0900,6.00
23.270,-0.396,5.99,0.0870,6.00
23.280,-0.412,5.98,0.0885,5.99
23.290,-0.396,5.98,0.0900,5.99
23.300,-0.399,5.99,0.0825,6.00
23.310,-0.404,5.99,0.0870,6.01
23.320,-0.389,5.98,0.0870,5.99
23.330,-0.389,5.99,0.0975,6.00
23.340,-0.393,5.99,0.0870,6.01
23.350,-0.399,5.98,0.0870,6.00
23.360,-0.399,5.98,0.0870,6.00
23.370,-0.406,5.98,0.0945,6.00
23.380,-0.404,5.97,0.0945,5.99
23.390,-0.405,6.00,0.0855,6.01
23.400,-0.402,5.98,0.0735,5.99
23.410,-0.396,5.98,0.0795,6.00
23.420,-0.402,5.99,0.0885,6.00
23.430,-0.396,5.99,0.0720,6.00
23.440,-0.390,5.99,0.0885,6.00
23.450,-0.393,5.99,0.0945,6.00
23.460,-0.396,5.98,0.0870,5.99
23.470,-0.398,5.98,0.0780,5.99
23.480,-0.394,6.00,0.0735,6.01
23.490,-0.398,5.98,0.0885,5.99
23.500,-0.399,5.98,0.0825,5.99
23.510,-0.394,6.00,0.0885,6.01
23.520,-0.396,5.98,0.0750,5.99
23.530,-0.405,5.98,0.0930,5.99
23.540,-0.402,5.99,0.0780,6.00
23.550,-0.404,5.99,0.0870,6.00
23.560,-0.399,5.97,0.0900,5.99
23.570,-0.396,5.99,0.0750,6.00
23.580,-0.399,5.97,0.0975,5.98
23.590,-0.399,5.98,0.0900,6.00
23.600,-0.405,5.99,0.0855,6.00
23.610,-0.398,5.97,0.0855,5.98
23.620,-0.398,5.98,0.0855,5.99
23.630,-0.404,5.99,0.0975,6.00
23.640,-0.411,5.97,0.0750,5.98
23.650,-0.402,5.98,0.0885,5.99
23.660,-0.396,5.99,0.0870,6.01
23.670,-0.393,5.98,0.0825,5.99
23.680,-0.394,5.98,0.0960,5.99
23.690,-0.409,5.98,0.0855,6.00
23.700,-0.405,5.99,0.0885,6.00
23.710,-0.393,5.99,0.0825,6.00
23.720,-0.406,5.98,0.0870,5.99
23.730,-0.398,5.98,0.0885,5.99
23.740,-0.399,5.99,0.0750,6.00
23.750,-0.402,5.98,0.0885,5.99
23.760,-0.409,5.99,0.0885,6.00
23.770,-0.398,5.98,0.0930,5.99
23.780,-0.396,5.98,0.0675,5.99
23.790,-0.396,5.97,0.0720,5.99
23.800,-0.399,5.99,0.109,6.00
23.810,-0.411,5.97,0.0975,5.98
23.820,-0.379,5.99,0.0810,6.00
23.830,-0.393,5.97,0.0870,5.99
23.840,-0.379,5.99,0.0885,6.00
23.850,-0.394,5.99,0.100,6.00
23.860,-0.405,5.97,0.0960,5.99
23.870,-0.405,5.99,0.103,6.00
23.880,-0.406,5.98,0.0945,6.00
23.890,-0.393,5.98,0.105,5.99
23.900,-0.402,5.99,0.0705,6.01
23.910,-0.412,5.98,0.0885,5.99
23.920,-0.411,5.99,0.0900,6.00
23.930,-0.390,6.05,0.129,6.06
23.940,-0.377,6.11,0.0810,6.12
23.950,-0.373,6.10,0.0675,6.12
23.960,-0.394,6.04,0.0885,6.05
23.970,-0.405,6.03,0.0735,6.05
23.980,-0.396,6.02,0.0975,6.04
23.990,-0.385,6.02,0.0945,6.03
24.000,-0.378,6.92,0.112,6.93
24.010,-0.366,6.93,0.112,6.94
24.020,-0.378,6.92,0.105,6.93
24.030,-0.372,6.92,0.108,6.93
24.040,-0.378,6.90,0.120,6.91
24.050,-0.366,6.90,0.0975,6.91
24.060,-0.373,6.91,0.117,6.92
24.070,-0.372,6.89,0.118,6.90
24.080,-0.363,6.95,0.117,6.96
24.090,-0.372,6.97,0.108,6.99
24.100,-0.361,6.97,0.121,6.98
24.110,-0.361,6.96,0.108,6.97
24.120,-0.361,6.94,0.118,6.95
24.130,-0.387,6.92,0.111,6.93
24.140,-0.372,6.93,0.103,6.94
24.150,-0.377,6.94,0.100,6.95
24.160,-0.377,6.92,0.108,6.94
24.170,-0.381,6.92,0.102,6.93
24.180,-0.377,6.93,0.115,6.94
24.190,-0.385,6.92,0.112,6.93
24.200,-0.387,6.92,0.103,6.94
24.210,-0.383,6.92,0.103,6.94
24.220,-0.372,6.92,0.121,6.93
24.230,-0.364,6.91,0.0960,6.92
24.240,-0.377,6.92,0.100,6.93
24.250,-0.372,6.91,0.103,6.92
24.260,-0.373,6.92,0.109,6.93
24.270,-0.370,6.93,0.0945,6.94
24.280,-0.385,6.92,0.102,6.93
24.290,-0.378,6.91,0.112,6.92
24.300,-0.373,6.89,0.112,6.90
24.310,-0.385,6.91,0.105,6.93
24.320,-0.364,6.92,0.118,6.93
24.330,-0.372,6.93,0.115,6.94
24.340,-0.369,6.93,0.111,6.94
24.350,-0.377,6.93,0.103,6.95
24.360,-0.378,6.93,0.109,6.94
24.370,-0.379,6.92,0.108,6.94
24.380,-0.381,6.92,0.125,6.93
24.390,-0.372,6.94,0.100,6.95
24.400,-0.381,6.91,0.109,6.92
24.410,-0.377,6.93,0.103,6.94
24.420,-0.366,6.91,0.117,6.93
24.430,-0.377,6.92,0.111,6.93
24.440,-0.373,6.91,0.117,6.92
24.450,-0.377,6.92,0.121,6.93
24.460,-0.366,6.90,0.0975,6.91
24.470,-0.378,6.92,0.102,6.93
24.480,-0.379,6.91,0.126,6.93
24.490,-0.378,6.91,0.112,6.93
24.500,-0.379,6.92,0.126,6.93
24.510,-0.390,6.90,0.100,6.91
24.520,-0.387,6.91,0.121,6.93
24.530,-0.377,6.92,0.111,6.94
24.540,-0.383,6.90,0.118,6.91
24.550,-0.393,6.92,0.102,6.93
24.560,-0.364,6.91,0.115,6.92
24.570,-0.366,6.91,0.120,6.92
24.580,-0.379,6.91,0.111,6.92
24.590,-0.370,6.90,0.112,6.91
24.600,-0.379,6.90,0.129,6.91
24.610,-0.394,6.91,0.126,6.92
24.620,-0.369,6.91,0.115,6.92
24.630,-0.373,6.91,0.105,6.92
24.640,-0.361,6.89,0.121,6.90
24.650,-0.377,6.91,0.111,6.92
24.660,-0.378,6.90,0.109,6.91
24.670,-0.372,6.90,0.111,6.91
24.680,-0.381,6.93,0.120,6.94
24.690,-0.373,6.90,0.0945,6.91
24.700,-0.379,6.92,0.103,6.90
24.710,-0.377,6.91,0.100,6.92
24.720,-0.363,6.90,0.109,6.91
24.730,-0.363,6.90,0.109,6.91
24.740,-0.366,6.91,0.112,6.92
24.750,-0.366,6.89,0.0975,6.90
24.760,-0.372,6.90,0.121,6.91
24.770,-0.381,6.90,0.105,6.91
24.780,-0.377,6.91,0.111,6.92
24.790,-0.387,6.89,0.115,6.90
24.800,-0.366,6.91,0.0975,6.92
24.810,-0.377,6.88,0.115,6.89
24.820,-0.378,6.90,0.112,6.92
24.830,-0.373,6.90,0.0975,6.91
24.840,-0.370,6.91,0.125,6.92
24.850,-0.398,6.89,0.111,6.90
24.860,-0.369,6.91,0.108,6.92
24.870,-0.372,6.88,0.103,6.89
24.880,-0.372,6.88,0.103,6.89
24.890,-0.373,6.89,0.109,6.90
24.900,-0.393,6.89,0.0975,6.90
24.910,-0.396,6.89,0.109,6.90
24.920,-0.363,6.90,0.109,6.91
24.930,-0.381,6.89,0.105,6.90
24.940,-0.381,6.89,0.117,6.90
24.950,-0.372,6.88,0.115,6.89
24.960,-0.366,6.90,0.112,6.91
24.970,-0.381,6.89,0.105,6.90
24.980,-0.370,6.90,0.105,6.91
24.990,-0.383,6.89,0.0930,6.90
25.000,-0.370,6.88,0.120,6.89
25.010,-0.381,6.89,0.109,6.90
25.020,-0.373,6.88,0.125,6.89
25.030,-0.377,6.89,0.108,6.90
25.040,-0.366,6.89,0.102,6.90
25.050,-0.379,6.89,0.115,6.90
25.060,-0.373,6.91,0.135,6.92
25.070,-0.378,6.88,0.109,6.89
25.080,-0.385,6.89,0.105,6.90
25.090,-0.379,6.89,0.111,6.90
25.100,-0.378,6.88,0.109,6.89
25.110,-0.377,6.90,0.0930,6.91
25.120,-0.387,6.91,0.111,6.93
25.130,-0.378,6.89,0.102,6.90
25.140,-0.373,6.89,0.109,6.90
25.150,-0.383,6.89,0.111,6.90
25.160,-0.372,6.88,0.111,6.89
25.170,-0.383,6.90,0.118,6.91
25.180,-0.364,6.90,0.115,6.91
25.190,-0.377,6.89,0.111,6.90
25.200,-0.379,6.91,0.103,6.92
25.210,-0.377,6.88,0.100,6.89
25.220,-0.387,6.89,0.111,6.90
25.230,-0.369,6.88,0.108,6.89
25.240,-0.383,6.89,0.108,6.90
25.250,-0.370,6.88,0.120,6.89
25.260,-0.370,6.88,0.105,6.89
25.270,-0.377,6.89,0.115,6.90
25.280,-0.377,6.88,0.115,6.89
25.290,-0.378,6.89,0.109,6.90
25.300,-0.393,6.89,0.105,6.90
25.310,-0.383,6.88,0.103,6.89
25.320,-0.378,6.88,0.120,6.89
25.330,-0.394,6.89,0.103,6.90
25.340,-0.373,6.88,0.117,6.89
25.350,-0.381,6.88,0.120,6.89
25.360,-0.378,6.90,0.117,6.91
25.370,-0.369,6.90,0.118,6.91
25.380,-0.387,6.88,0.103,6.89
25.390,-0.366,6.90,0.0975,6.91
25.400,-0.389,6.90,0.117,6.91
25.410,-0.373,6.89,0.132,6.90
25.420,-0.378,6.88,0.109,6.89
25.430,-0.383,6.89,0.111,6.90
25.440,-0.363,6.88,0.0945,6.89
25.450,-0.372,6.89,0.121,6.90
25.460,-0.377,6.88,0.111,6.89
25.470,-0.373,6.89,0.125,6.90
25.480,-0.385,6.88,0.125,6.89
25.490,-0.383,6.87,0.111,6.88
25.500,-0.381,6.89,0.102,6.90
25.510,-0.379,6.88,0.111,6.89
25.520,-0.378,6.89,0.117,6.90
25.530,-0.370,6.88,0.109,6.89
25.540,-0.369,6.90,0.121,6.91
25.550,-0.383,6.88,0.115,6.90
25.560,-0.377,6.89,0.118,6.90
25.570,-0.389,6.89,0.117,6.90
25.580,-0.377,6.88,0.121,6.89
25.590,-0.355,6.96,0.142,6.97
25.600,-0.360,7.05,0.109,7.06
25.610,-0.360,7.07,0.105,7.08
25.620,-0.364,7.04,0.103,7.05
25.630,-0.360,7.02,0.112,7.03
25.640,-0.357,7.01,0.0855,7.0
25.650,-0.370,6.96,0.117,6.97
25.660,-0.370,6.95,0.117,6.96
25.670,-0.363,6.92,0.109,6.93
25.680,-0.387,6.92,0.0960,6.94
25.690,-0.381,6.91,0.109,6.92
25.700,-0.385,6.91,0.112,6.92
25.710,-0.378,6.90,0.109,6.91
25.720,-0.378,6.94,0.105,6.95
25.730,-0.363,6.91,0.125,6.93
25.740,-0.378,6.92,0.117,6.93
25.750,-0.394,6.91,0.103,6.92
25.760,-0.357,6.90,0.115,6.91
25.770,-0.377,6.90,0.115,6.91
25.780,-0.372,6.91,0.115,6.92
25.790,-0.377,6.90,0.118,6.91
25.800,-0.369,6.91,0.115,6.92
25.810,-0.383,6.91,0.111,6.92
25.820,-0.393,6.90,0.112,6.9
25.830,-0.385,6.89,0.117,6.90
25.840,-0.373,6.90,0.105,6.92
25.850,-0.378,6.90,0.117,6.91
25.860,-0.377,6.90,0.100,6.91
25.870,-0.383,6.90,0.118,6.91
25.880,-0.381,6.92,0.0945,6.93
25.890,-0.370,6.90,0.117,6.92
25.900,-0.389,6.91,0.112,6.93
25.910,-0.364,6.90,0.100,6.91
25.920,-0.370,6.90,0.105,6.91
25.930,-0.383,6.89,0.118,6.90
25.940,-0.370,6.90,0.102,6.91
25.950,-0.369,6.90,0.108,6.91
25.960,-0.381,6.90,0.102,6.91
25.970,-0.377,6.90,0.108,6.91
25.980,-0.387,6.89,0.111,6.90
25.990,-0.381,6.90,0.117,6.91
26.000,-0.377,6.90,0.121,6.91
26.010,-0.379,6.90,0.108,6.91
26.020,-0.370,6.90,0.0945,6.92
26.030,-0.366,6.90,0.112,6.91
26.040,-0.379,6.90,0.103,6.91
26.050,-0.387,6.90,0.118,6.91
26.060,-0.361,6.90,0.115,6.91
26.070,-0.361,6.89,0.115,6.90
26.080,-0.378,6.90,0.105,6.92
26.090,-0.373,6.90,0.105,6.91
26.100,-0.379,6.91,0.108,6.92
26.110,-0.372,6.89,0.100,6.90
26.120,-0.366,6.90,0.109,6.91
26.130,-0.370,6.90,0.117,6.91
26.140,-0.383,6.89,0.103,6.90
26.150,-0.377,6.89,0.115,6.90
26.160,-0.383,6.90,0.0960,6.91
26.170,-0.372,6.89,0.111,6.90
26.180,-0.381,6.89,0.0975,6.90
26.190,-0.379,6.88,0.111,6.89
26.200,-0.393,6.90,0.105,6.92
26.210,-0.373,6.87,0.117,6.89
26.220,-0.364,6.91,0.111,6.92
26.230,-0.377,6.91,0.103,6.92
26.240,-0.390,6.90,0.115,6.91
26.250,-0.379,6.89,0.121,6.90
26.260,-0.383,6.90,0.103,6.91
26.270,-0.381,6.90,0.125,6.91
26.280,-0.385,6.89,0.112,6.90
26.290,-0.377,6.90,0.108,6.91
26.300,-0.383,6.88,0.0930,6.89
26.310,-0.393,6.90,0.112,6.91
26.320,-0.372,6.89,0.111,6.90
26.330,-0.370,6.88,0.109,6.89
26.340,-0.387,6.89,0.118,6.90
26.350,-0.370,6.88,0.112,6.89
26.360,-0.364,6.90,0.108,6.91
26.370,-0.373,6.89,0.117,6.90
26.380,-0.387,6.89,0.115,6.90
26.390,-0.383,6.90,0.111,6.91
26.400,-0.377,6.90,0.103,6.91
26.410,-0.381,6.90,0.112,6.91
26.420,-0.354,6.89,0.103,6.90
26.430,-0.385,6.89,0.117,6.90
26.440,-0.372,6.88,0.103,6.89
26.450,-0.373,6.89,0.112,6.90
26.460,-0.385,6.89,0.117,6.90
26.470,-0.385,6.90,0.0975,6.91
26.480,-0.378,6.89,0.105,6.90
26.490,-0.366,6.89,0.120,6.90
26.500,-0.379,6.89,0.111,6.90
26.510,-0.378,6.90,0.102,6.91
26.520,-0.385,6.89,0.120,6.90
26.530,-0.381,6.90,0.102,6.91
26.540,-0.385,6.88,0.112,6.89
26.550,-0.378,6.89,0.109,6.90
26.560,-0.370,6.88,0.109,6.89
26.570,-0.383,6.88,0.118,6.90
26.580,-0.369,6.90,0.111,6.91
26.590,-0.369,6.89,0.115,6.90
26.600,-0.369,6.90,0.118,6.91
26.610,-0.379,6.90,0.111,6.91
26.620,-0.377,6.88,0.118,6.89
26.630,-0.372,6.89,0.121,6.90
26.640,-0.370,6.87,0.117,6.89
26.650,-0.370,6.89,0.109,6.90
26.660,-0.381,6.88,0.127,6.89
26.670,-0.389,6.89,0.112,6.90
26.680,-0.364,6.89,0.118,6.90
26.690,-0.378,6.91,0.105,6.92
26.700,-0.370,6.89,0.120,6.90
26.710,-0.364,6.91,0.115,6.92
26.720,-0.372,6.91,0.111,6.92
26.730,-0.377,6.91,0.0930,6.92
26.740,-0.377,6.91,0.111,6.92
26.750,-0.383,6.89,0.100,6.90
26.760,-0.379,6.90,0.115,6.91
26.770,-0.364,6.90,0.108,6.91
26.780,-0.372,6.89,0.108,6.90
26.790,-0.385,6.90,0.112,6.91
26.800,-0.370,6.89,0.125,6.90
26.810,-0.373,6.89,0.102,6.90
26.820,-0.378,6.89,0.127,6.90
26.830,-0.378,6.89,0.112,6.90
26.840,-0.366,6.89,0.105,6.90
26.850,-0.383,6.90,0.111,6.91
26.860,-0.379,6.90,0.121,6.91
26.870,-0.383,6.90,0.103,6.91
26.880,-0.372,6.89,0.118,6.90
26.890,-0.389,6.89,0.105,6.90
26.900,-0.378,6.90,0.109,6.91
26.910,-0.364,6.88,0.111,6.89
26.920,-0.364,6.88,0.118,6.89
26.930,-0.387,6.88,0.108,6.89
26.940,-0.373,6.88,0.109,6.89
26.950,-0.372,6.89,0.115,6.90
26.960,-0.373,6.88,0.117,6.89
26.970,-0.390,6.89,0.111,6.90
26.980,-0.366,6.88,0.120,6.89
26.990,-0.390,6.89,0.0960,6.90
27.000,-0.387,6.91,0.111,6.92